"Year","Volc.hl.RF","C14.resid.Lean.splice","Be10.Lean.splice","C14.Bard.Lean.splice","Aer.RF","CO2...RF","solar","volcano","CO2","aerosol","totalRF","CL2","totalRFminusVolcano"
1000,0,-0.004,0.044,0.151,0,-0.05,0.044,0,-0.05,0,-0.00600000000000001,-0.02,-0.00600000000000001
1001,0,-0.007,0.042,0.146,0,-0.05,0.042,0,-0.05,0,-0.008,-0.05,-0.008
1002,0,-0.01,0.041,0.142,0,-0.05,0.041,0,-0.05,0,-0.009,-0.07,-0.009
1003,0,-0.014,0.04,0.137,0,-0.05,0.04,0,-0.05,0,-0.01,-0.08,-0.01
1004,-0.8,-0.017,0.039,0.133,0,-0.05,0.039,-0.8,-0.05,0,-0.811,-0.07,-0.011
1005,-0.3,-0.02,0.033,0.128,0,-0.05,0.033,-0.3,-0.05,0,-0.317,-0.06,-0.017
1006,0,-0.016,0.026,0.126,0,-0.05,0.026,0,-0.05,0,-0.024,-0.05,-0.024
1007,0,-0.013,0.02,0.124,0,-0.05,0.02,0,-0.05,0,-0.03,-0.04,-0.03
1008,0,-0.009,0.014,0.121,0,-0.05,0.014,0,-0.05,0,-0.036,-0.05,-0.036
1009,0,-0.005,0.008,0.119,0,-0.05,0.008,0,-0.05,0,-0.042,0.01,-0.042
1010,0,-0.001,0.002,0.117,0,-0.04,0.002,0,-0.04,0,-0.038,0.01,-0.038
1011,0,0.003,-0.004,0.114,0,-0.04,-0.004,0,-0.04,0,-0.044,0.02,-0.044
1012,0,0.007,-0.011,0.112,0,-0.04,-0.011,0,-0.04,0,-0.051,0.03,-0.051
1013,0,0.011,-0.014,0.11,0,-0.04,-0.014,0,-0.04,0,-0.054,0.04,-0.054
1014,0,0.015,-0.017,0.108,0,-0.04,-0.017,0,-0.04,0,-0.057,0.04,-0.057
1015,-2.79,0.018,-0.02,0.111,0,-0.04,-0.02,-2.79,-0.04,0,-2.85,0.05,-0.06
1016,-1,0.01,-0.023,0.113,0,-0.04,-0.023,-1,-0.04,0,-1.063,0.06,-0.063
1017,0,0.001,-0.026,0.116,0,-0.04,-0.026,0,-0.04,0,-0.066,0.05,-0.066
1018,0,-0.007,-0.029,0.119,0,-0.04,-0.029,0,-0.04,0,-0.069,0.04,-0.069
1019,0,-0.016,-0.032,0.122,0,-0.04,-0.032,0,-0.04,0,-0.072,0.04,-0.072
1020,0,-0.024,-0.035,0.125,0,-0.04,-0.035,0,-0.04,0,-0.075,0.06,-0.075
1021,0,-0.033,-0.038,0.128,0,-0.04,-0.038,0,-0.04,0,-0.078,0.08,-0.078
1022,0,-0.041,-0.041,0.131,0,-0.04,-0.041,0,-0.04,0,-0.081,0.09,-0.081
1023,0,-0.05,-0.044,0.134,0,-0.04,-0.044,0,-0.04,0,-0.084,0.11,-0.084
1024,0,-0.058,-0.047,0.133,0,-0.04,-0.047,0,-0.04,0,-0.087,0.08,-0.087
1025,0,-0.067,-0.051,0.133,0,-0.04,-0.051,0,-0.04,0,-0.091,0.07,-0.091
1026,-3.27,-0.068,-0.053,0.132,0,-0.04,-0.053,-3.27,-0.04,0,-3.363,0.07,-0.093
1027,-1.2,-0.07,-0.057,0.132,0,-0.04,-0.057,-1.2,-0.04,0,-1.297,0.06,-0.097
1028,0,-0.072,-0.06,0.131,0,-0.04,-0.06,0,-0.04,0,-0.1,0.07,-0.1
1029,0,-0.073,-0.063,0.131,0,-0.04,-0.063,0,-0.04,0,-0.103,0.07,-0.103
1030,0,-0.075,-0.066,0.13,0,-0.04,-0.066,0,-0.04,0,-0.106,0.07,-0.106
1031,0,-0.076,-0.069,0.13,0,-0.04,-0.069,0,-0.04,0,-0.109,0.05,-0.109
1032,0,-0.078,-0.073,0.118,0,-0.04,-0.073,0,-0.04,0,-0.113,0.03,-0.113
1033,0,-0.08,-0.076,0.106,0,-0.04,-0.076,0,-0.04,0,-0.116,0.03,-0.116
1034,0,-0.081,-0.079,0.094,0,-0.04,-0.079,0,-0.04,0,-0.119,0.01,-0.119
1035,0,-0.083,-0.082,0.083,0,-0.03,-0.082,0,-0.03,0,-0.112,0.02,-0.112
1036,0,-0.087,-0.084,0.071,0,-0.03,-0.084,0,-0.03,0,-0.114,0,-0.114
1037,0,-0.091,-0.086,0.059,0,-0.03,-0.086,0,-0.03,0,-0.116,-0.02,-0.116
1038,0,-0.094,-0.087,0.048,0,-0.03,-0.087,0,-0.03,0,-0.117,-0.01,-0.117
1039,0,-0.098,-0.089,0.036,0,-0.03,-0.089,0,-0.03,0,-0.119,-0.03,-0.119
1040,0,-0.102,-0.091,0.024,0,-0.03,-0.091,0,-0.03,0,-0.121,-0.03,-0.121
1041,0,-0.106,-0.093,0.015,0,-0.03,-0.093,0,-0.03,0,-0.123,-0.05,-0.123
1042,0,-0.11,-0.094,0.005,0,-0.03,-0.094,0,-0.03,0,-0.124,-0.06,-0.124
1043,0,-0.114,-0.096,-0.004,0,-0.03,-0.096,0,-0.03,0,-0.126,-0.03,-0.126
1044,0,-0.118,-0.098,-0.013,0,-0.03,-0.098,0,-0.03,0,-0.128,-0.03,-0.128
1045,0,-0.121,-0.099,-0.023,0,-0.03,-0.099,0,-0.03,0,-0.129,-0.02,-0.129
1046,0,-0.12,-0.1,-0.032,0,-0.03,-0.1,0,-0.03,0,-0.13,-0.01,-0.13
1047,0,-0.118,-0.101,-0.041,0,-0.03,-0.101,0,-0.03,0,-0.131,0.01,-0.131
1048,0,-0.116,-0.102,-0.051,0,-0.03,-0.102,0,-0.03,0,-0.132,0.03,-0.132
1049,0,-0.114,-0.103,-0.055,0,-0.03,-0.103,0,-0.03,0,-0.133,0.02,-0.133
1050,0,-0.112,-0.104,-0.06,0,-0.03,-0.104,0,-0.03,0,-0.134,0.01,-0.134
1051,0,-0.11,-0.106,-0.065,0,-0.03,-0.106,0,-0.03,0,-0.136,-0.01,-0.136
1052,0,-0.108,-0.107,-0.069,0,-0.03,-0.107,0,-0.03,0,-0.137,0.01,-0.137
1053,0,-0.107,-0.108,-0.074,0,-0.02,-0.108,0,-0.02,0,-0.128,0.02,-0.128
1054,0,-0.105,-0.109,-0.07,0,-0.02,-0.109,0,-0.02,0,-0.129,0,-0.129
1055,0,-0.103,-0.108,-0.067,0,-0.02,-0.108,0,-0.02,0,-0.128,-0.01,-0.128
1056,0,-0.102,-0.108,-0.063,0,-0.02,-0.108,0,-0.02,0,-0.128,-0.01,-0.128
1057,0,-0.102,-0.108,-0.059,0,-0.02,-0.108,0,-0.02,0,-0.128,-0.01,-0.128
1058,-4.51,-0.101,-0.107,-0.056,0,-0.02,-0.107,-4.51,-0.02,0,-4.637,-0.02,-0.127
1059,-1.7,-0.101,-0.107,-0.052,0,-0.02,-0.107,-1.7,-0.02,0,-1.827,-0.02,-0.127
1060,0,-0.1,-0.106,-0.048,0,-0.02,-0.106,0,-0.02,0,-0.126,-0.02,-0.126
1061,0,-0.1,-0.106,-0.045,0,-0.02,-0.106,0,-0.02,0,-0.126,0,-0.126
1062,-1.2,-0.099,-0.105,-0.04,0,-0.02,-0.105,-1.2,-0.02,0,-1.325,0.01,-0.125
1063,-0.4,-0.099,-0.097,-0.036,0,-0.02,-0.097,-0.4,-0.02,0,-0.517,0,-0.117
1064,0,-0.098,-0.089,-0.032,0,-0.01,-0.089,0,-0.01,0,-0.099,0,-0.099
1065,0,-0.097,-0.081,-0.032,0,-0.01,-0.081,0,-0.01,0,-0.091,0.01,-0.091
1066,0,-0.098,-0.072,-0.032,0,-0.01,-0.072,0,-0.01,0,-0.082,0.02,-0.082
1067,0,-0.098,-0.064,-0.032,0,-0.01,-0.064,0,-0.01,0,-0.074,0.01,-0.074
1068,0,-0.099,-0.056,-0.032,0,-0.01,-0.056,0,-0.01,0,-0.066,0,-0.066
1069,0,-0.099,-0.048,-0.033,0,-0.01,-0.048,0,-0.01,0,-0.058,0.02,-0.058
1070,0,-0.099,-0.04,-0.033,0,-0.01,-0.04,0,-0.01,0,-0.05,0.02,-0.05
1071,0,-0.1,-0.032,-0.033,0,-0.01,-0.032,0,-0.01,0,-0.042,0.02,-0.042
1072,0,-0.1,-0.024,-0.033,0,-0.01,-0.024,0,-0.01,0,-0.034,0.01,-0.034
1073,0,-0.101,-0.015,-0.027,0,-0.01,-0.015,0,-0.01,0,-0.025,0,-0.025
1074,0,-0.101,-0.007,-0.021,0,-0.01,-0.007,0,-0.01,0,-0.017,0,-0.017
1075,0,-0.101,0.001,-0.015,0,-0.01,0.001,0,-0.01,0,-0.009,0,-0.009
1076,0,-0.097,0.006,-0.009,0,0,0.006,0,0,0,0.006,0,0.006
1077,0,-0.093,0.012,-0.003,0,0,0.012,0,0,0,0.012,0,0.012
1078,0,-0.089,0.018,0.003,0,0,0.018,0,0,0,0.018,0.04,0.018
1079,0,-0.085,0.024,0.009,0,0,0.024,0,0,0,0.024,0.06,0.024
1080,-0.8,-0.081,0.029,0.015,0,0,0.029,-0.8,0,0,-0.771,0.05,0.029
1081,-0.3,-0.077,0.035,0.023,0,0,0.035,-0.3,0,0,-0.265,0.05,0.035
1082,0,-0.073,0.041,0.032,0,0,0.041,0,0,0,0.041,0.07,0.041
1083,0,-0.068,0.046,0.04,0,0,0.046,0,0,0,0.046,0.08,0.046
1084,0,-0.064,0.048,0.048,0,0,0.048,0,0,0,0.048,0.11,0.048
1085,0,-0.06,0.05,0.056,0,0,0.05,0,0,0,0.05,0.11,0.05
1086,0,-0.055,0.053,0.065,0,0,0.053,0,0,0,0.053,0.12,0.053
1087,0,-0.051,0.055,0.073,0,0,0.055,0,0,0,0.055,0.13,0.055
1088,0,-0.046,0.057,0.081,0,0,0.057,0,0,0,0.057,0.12,0.057
1089,0,-0.041,0.059,0.089,0,0.01,0.059,0,0.01,0,0.069,0.12,0.069
1090,0,-0.036,0.061,0.098,0,0.01,0.061,0,0.01,0,0.071,0.1,0.071
1091,0,-0.031,0.063,0.106,0,0.01,0.063,0,0.01,0,0.073,0.09,0.073
1092,0,-0.027,0.065,0.115,0,0.01,0.065,0,0.01,0,0.075,0.09,0.075
1093,0,-0.022,0.068,0.123,0,0.01,0.068,0,0.01,0,0.078,0.09,0.078
1094,0,-0.017,0.071,0.131,0,0.01,0.071,0,0.01,0,0.081,0.07,0.081
1095,0,-0.012,0.074,0.14,0,0.01,0.074,0,0.01,0,0.084,0.06,0.084
1096,0,-0.009,0.077,0.142,0,0.01,0.077,0,0.01,0,0.087,0.06,0.087
1097,-1.85,-0.007,0.079,0.145,0,0.01,0.079,-1.85,0.01,0,-1.761,0.06,0.089
1098,-0.7,-0.004,0.082,0.148,0,0.01,0.082,-0.7,0.01,0,-0.608,0.07,0.092
1099,0,-0.001,0.085,0.151,0,0.01,0.085,0,0.01,0,0.095,0.07,0.095
1100,0,0.002,0.088,0.154,0,0.01,0.088,0,0.01,0,0.098,0.07,0.098
1101,0,0.005,0.091,0.156,0,0.01,0.091,0,0.01,0,0.101,0.08,0.101
1102,0,0.007,0.094,0.159,0,0.02,0.094,0,0.02,0,0.114,0.08,0.114
1103,0,0.01,0.096,0.162,0,0.02,0.096,0,0.02,0,0.116,0.07,0.116
1104,0,0.013,0.099,0.165,0,0.02,0.099,0,0.02,0,0.119,0.04,0.119
1105,0,0.016,0.102,0.167,0,0.02,0.102,0,0.02,0,0.122,0.02,0.122
1106,0,0.017,0.105,0.166,0,0.02,0.105,0,0.02,0,0.125,0.02,0.125
1107,0,0.019,0.108,0.165,0,0.02,0.108,0,0.02,0,0.128,0.01,0.128
1108,0,0.02,0.111,0.164,0,0.02,0.111,0,0.02,0,0.131,0.01,0.131
1109,0,0.022,0.118,0.163,0,0.02,0.118,0,0.02,0,0.138,0,0.138
1110,0,0.024,0.126,0.162,0,0.02,0.126,0,0.02,0,0.146,0,0.146
1111,0,0.025,0.133,0.16,0,0.02,0.133,0,0.02,0,0.153,-0.01,0.153
1112,0,0.027,0.141,0.159,0,0.02,0.141,0,0.02,0,0.161,-0.03,0.161
1113,0,0.028,0.148,0.158,0,0.02,0.148,0,0.02,0,0.168,-0.04,0.168
1114,0,0.03,0.156,0.157,0,0.02,0.156,0,0.02,0,0.176,-0.04,0.176
1115,0,0.032,0.156,0.156,0,0.02,0.156,0,0.02,0,0.176,-0.02,0.176
1116,0,0.029,0.157,0.154,0,0.02,0.157,0,0.02,0,0.177,-0.01,0.177
1117,0,0.026,0.157,0.153,0,0.03,0.157,0,0.03,0,0.187,0,0.187
1118,0,0.022,0.157,0.152,0,0.03,0.157,0,0.03,0,0.187,0.02,0.187
1119,0,0.019,0.158,0.151,0,0.03,0.158,0,0.03,0,0.188,-0.01,0.188
1120,0,0.016,0.158,0.149,0,0.03,0.158,0,0.03,0,0.188,-0.02,0.188
1121,0,0.013,0.159,0.148,0,0.03,0.159,0,0.03,0,0.189,-0.02,0.189
1122,0,0.01,0.159,0.147,0,0.03,0.159,0,0.03,0,0.189,-0.01,0.189
1123,0,0.007,0.159,0.145,0,0.03,0.159,0,0.03,0,0.189,0,0.189
1124,0,0.004,0.16,0.144,0,0.03,0.16,0,0.03,0,0.19,0,0.19
1125,0,0.001,0.161,0.15,0,0.03,0.161,0,0.03,0,0.191,0,0.191
1126,0,0.002,0.162,0.156,0,0.03,0.162,0,0.03,0,0.192,-0.01,0.192
1127,0,0.002,0.162,0.163,0,0.03,0.162,0,0.03,0,0.192,-0.01,0.192
1128,0,0.003,0.164,0.169,0,0.03,0.164,0,0.03,0,0.194,-0.02,0.194
1129,0,0.003,0.165,0.175,0,0.03,0.165,0,0.03,0,0.195,-0.04,0.195
1130,0,0.004,0.166,0.181,0,0.03,0.166,0,0.03,0,0.196,-0.03,0.196
1131,0,0.004,0.167,0.187,0,0.03,0.167,0,0.03,0,0.197,-0.02,0.197
1132,0,0.005,0.168,0.193,0,0.03,0.168,0,0.03,0,0.198,-0.02,0.198
1133,0,0.005,0.171,0.2,0,0.03,0.171,0,0.03,0,0.201,-0.02,0.201
1134,0,0.006,0.175,0.201,0,0.03,0.175,0,0.03,0,0.205,-0.02,0.205
1135,0,0.006,0.177,0.202,0,0.03,0.177,0,0.03,0,0.207,-0.01,0.207
1136,0,0.017,0.179,0.203,0,0.03,0.179,0,0.03,0,0.209,0,0.209
1137,0,0.028,0.181,0.204,0,0.03,0.181,0,0.03,0,0.211,0.01,0.211
1138,0,0.038,0.182,0.205,0,0.04,0.182,0,0.04,0,0.222,0,0.222
1139,0,0.049,0.183,0.205,0,0.04,0.183,0,0.04,0,0.223,0,0.223
1140,0,0.06,0.183,0.206,0,0.04,0.183,0,0.04,0,0.223,0.01,0.223
1141,0,0.07,0.184,0.206,0,0.04,0.184,0,0.04,0,0.224,0,0.224
1142,0,0.081,0.184,0.207,0,0.04,0.184,0,0.04,0,0.224,0,0.224
1143,0,0.092,0.185,0.207,0,0.04,0.185,0,0.04,0,0.225,0,0.225
1144,0,0.102,0.185,0.208,0,0.04,0.185,0,0.04,0,0.225,-0.01,0.225
1145,0,0.113,0.186,0.208,0,0.04,0.186,0,0.04,0,0.226,-0.01,0.226
1146,0,0.11,0.186,0.211,0,0.04,0.186,0,0.04,0,0.226,-0.02,0.226
1147,0,0.107,0.185,0.214,0,0.04,0.185,0,0.04,0,0.225,-0.04,0.225
1148,0,0.103,0.183,0.216,0,0.04,0.183,0,0.04,0,0.223,-0.05,0.223
1149,0,0.1,0.181,0.219,0,0.04,0.181,0,0.04,0,0.221,-0.05,0.221
1150,0,0.097,0.18,0.221,0,0.04,0.18,0,0.04,0,0.22,-0.03,0.22
1151,0,0.094,0.178,0.224,0,0.04,0.178,0,0.04,0,0.218,-0.03,0.218
1152,0,0.091,0.176,0.227,0,0.04,0.176,0,0.04,0,0.216,-0.02,0.216
1153,0,0.087,0.174,0.229,0,0.04,0.174,0,0.04,0,0.214,0,0.214
1154,0,0.084,0.173,0.232,0,0.04,0.173,0,0.04,0,0.213,0,0.213
1155,0,0.081,0.171,0.233,0,0.04,0.171,0,0.04,0,0.211,0.01,0.211
1156,0,0.073,0.165,0.234,0,0.04,0.165,0,0.04,0,0.205,0.03,0.205
1157,0,0.065,0.162,0.235,0,0.04,0.162,0,0.04,0,0.202,0.04,0.202
1158,0,0.057,0.156,0.236,0,0.04,0.156,0,0.04,0,0.196,0.06,0.196
1159,0,0.048,0.15,0.237,0,0.04,0.15,0,0.04,0,0.19,0.08,0.19
1160,0,0.04,0.146,0.238,0,0.04,0.146,0,0.04,0,0.186,0.09,0.186
1161,0,0.032,0.141,0.239,0,0.04,0.141,0,0.04,0,0.181,0.09,0.181
1162,0,0.024,0.143,0.238,0,0.04,0.143,0,0.04,0,0.183,0.09,0.183
1163,0,0.016,0.145,0.237,0,0.04,0.145,0,0.04,0,0.185,0.11,0.185
1164,0,0.008,0.148,0.236,0,0.04,0.148,0,0.04,0,0.188,0.11,0.188
1165,0,0,0.15,0.235,0,0.04,0.15,0,0.04,0,0.19,0.11,0.19
1166,-1.1,0.004,0.152,0.234,0,0.04,0.152,-1.1,0.04,0,-0.908,0.1,0.192
1167,-0.4,0.008,0.149,0.233,0,0.05,0.149,-0.4,0.05,0,-0.201,0.09,0.199
1168,0,0.013,0.147,0.232,0,0.05,0.147,0,0.05,0,0.197,0.09,0.197
1169,0,0.017,0.144,0.231,0,0.05,0.144,0,0.05,0,0.194,0.08,0.194
1170,0,0.021,0.141,0.23,0,0.05,0.141,0,0.05,0,0.191,0.08,0.191
1171,0,0.025,0.138,0.229,0,0.05,0.138,0,0.05,0,0.188,0.07,0.188
1172,0,0.03,0.135,0.227,0,0.05,0.135,0,0.05,0,0.185,0.05,0.185
1173,0,0.034,0.132,0.227,0,0.05,0.132,0,0.05,0,0.182,0.04,0.182
1174,0,0.038,0.129,0.226,0,0.05,0.129,0,0.05,0,0.179,0.03,0.179
1175,-6.94,0.042,0.131,0.226,0,0.05,0.131,-6.94,0.05,0,-6.759,0.01,0.181
1176,-2.6,0.043,0.132,0.225,0,0.05,0.132,-2.6,0.05,0,-2.418,0,0.182
1177,-1,0.044,0.133,0.225,0,0.05,0.133,-1,0.05,0,-0.817,0,0.183
1178,0,0.044,0.135,0.225,0,0.05,0.135,0,0.05,0,0.185,0.01,0.185
1179,0,0.045,0.136,0.225,0,0.05,0.136,0,0.05,0,0.186,0,0.186
1180,0,0.046,0.137,0.226,0,0.05,0.137,0,0.05,0,0.187,0.01,0.187
1181,0,0.046,0.137,0.227,0,0.05,0.137,0,0.05,0,0.187,0.01,0.187
1182,0,0.047,0.137,0.228,0,0.05,0.137,0,0.05,0,0.187,0.02,0.187
1183,0,0.048,0.137,0.229,0,0.05,0.137,0,0.05,0,0.187,0.03,0.187
1184,0,0.048,0.137,0.229,0,0.05,0.137,0,0.05,0,0.187,0.02,0.187
1185,0,0.049,0.137,0.23,0,0.04,0.137,0,0.04,0,0.177,0.02,0.177
1186,0,0.047,0.137,0.231,0,0.04,0.137,0,0.04,0,0.177,0.05,0.177
1187,0,0.045,0.137,0.232,0,0.04,0.137,0,0.04,0,0.177,0.07,0.177
1188,0,0.043,0.137,0.233,0,0.04,0.137,0,0.04,0,0.177,0.08,0.177
1189,0,0.041,0.137,0.235,0,0.04,0.137,0,0.04,0,0.177,0.07,0.177
1190,0,0.039,0.137,0.237,0,0.04,0.137,0,0.04,0,0.177,0.07,0.177
1191,0,0.037,0.137,0.239,0,0.04,0.137,0,0.04,0,0.177,0.06,0.177
1192,0,0.035,0.14,0.24,0,0.04,0.14,0,0.04,0,0.18,0.04,0.18
1193,0,0.033,0.143,0.242,0,0.04,0.143,0,0.04,0,0.183,0.04,0.183
1194,-2.42,0.031,0.147,0.244,0,0.04,0.147,-2.42,0.04,0,-2.233,0.05,0.187
1195,-0.9,0.029,0.15,0.245,0,0.04,0.15,-0.9,0.04,0,-0.71,0.05,0.19
1196,0,0.034,0.153,0.246,0,0.04,0.153,0,0.04,0,0.193,0.03,0.193
1197,0,0.038,0.156,0.247,0,0.04,0.156,0,0.04,0,0.196,0.01,0.196
1198,0,0.043,0.158,0.249,0,0.04,0.158,0,0.04,0,0.198,0.01,0.198
1199,0,0.047,0.16,0.25,0,0.04,0.16,0,0.04,0,0.2,0.01,0.2
1200,0,0.052,0.162,0.251,0,0.04,0.162,0,0.04,0,0.202,0.01,0.202
1201,0,0.056,0.164,0.253,0,0.04,0.164,0,0.04,0,0.204,-0.01,0.204
1202,0,0.061,0.165,0.254,0,0.04,0.165,0,0.04,0,0.205,-0.02,0.205
1203,0,0.065,0.167,0.255,0,0.03,0.167,0,0.03,0,0.197,-0.01,0.197
1204,0,0.07,0.166,0.257,0,0.03,0.166,0,0.03,0,0.196,-0.02,0.196
1205,-1.3,0.074,0.165,0.26,0,0.03,0.165,-1.3,0.03,0,-1.105,-0.03,0.195
1206,-0.5,0.072,0.164,0.264,0,0.03,0.164,-0.5,0.03,0,-0.306,-0.02,0.194
1207,0,0.069,0.163,0.267,0,0.03,0.163,0,0.03,0,0.193,-0.01,0.193
1208,0,0.067,0.162,0.27,0,0.03,0.162,0,0.03,0,0.192,-0.01,0.192
1209,0,0.064,0.161,0.274,0,0.03,0.161,0,0.03,0,0.191,-0.02,0.191
1210,0,0.062,0.159,0.277,0,0.03,0.159,0,0.03,0,0.189,-0.04,0.189
1211,0,0.059,0.158,0.281,0,0.03,0.158,0,0.03,0,0.188,-0.04,0.188
1212,0,0.057,0.157,0.284,0,0.03,0.157,0,0.03,0,0.187,-0.03,0.187
1213,0,0.054,0.156,0.287,0,0.03,0.156,0,0.03,0,0.186,-0.02,0.186
1214,0,0.052,0.156,0.291,0,0.02,0.156,0,0.02,0,0.176,-0.02,0.176
1215,0,0.049,0.156,0.294,0,0.02,0.156,0,0.02,0,0.176,-0.01,0.176
1216,0,0.045,0.156,0.297,0,0.02,0.156,0,0.02,0,0.176,0.01,0.176
1217,0,0.04,0.156,0.301,0,0.02,0.156,0,0.02,0,0.176,0.01,0.176
1218,0,0.036,0.156,0.304,0,0.02,0.156,0,0.02,0,0.176,0.01,0.176
1219,0,0.032,0.156,0.307,0,0.02,0.156,0,0.02,0,0.176,0.03,0.176
1220,0,0.028,0.156,0.311,0,0.02,0.156,0,0.02,0,0.176,0.04,0.176
1221,0,0.023,0.156,0.314,0,0.02,0.156,0,0.02,0,0.176,0.04,0.176
1222,0,0.019,0.156,0.317,0,0.01,0.156,0,0.01,0,0.166,0.06,0.166
1223,0,0.015,0.156,0.32,0,0.01,0.156,0,0.01,0,0.166,0.06,0.166
1224,0,0.011,0.156,0.323,0,0.01,0.156,0,0.01,0,0.166,0.06,0.166
1225,0,0.006,0.156,0.326,0,0.01,0.156,0,0.01,0,0.166,0.05,0.166
1226,0,0.01,0.156,0.33,0,0.01,0.156,0,0.01,0,0.166,0.04,0.166
1227,-0.8,0.013,0.156,0.333,0,0.01,0.156,-0.8,0.01,0,-0.634,0.02,0.166
1228,-0.3,0.017,0.156,0.332,0,0.01,0.156,-0.3,0.01,0,-0.134,0,0.166
1229,-5.09,0.02,0.156,0.331,0,0.01,0.156,-5.09,0.01,0,-4.924,-0.02,0.166
1230,-1.9,0.024,0.156,0.33,0,0.01,0.156,-1.9,0.01,0,-1.734,-0.04,0.166
1231,-0.7,0.027,0.156,0.329,0,0.01,0.156,-0.7,0.01,0,-0.534,-0.04,0.166
1232,0,0.031,0.156,0.328,0,0.01,0.156,0,0.01,0,0.166,-0.05,0.166
1233,0,0.034,0.16,0.327,0,0,0.16,0,0,0,0.16,-0.07,0.16
1234,0,0.038,0.154,0.326,0,0,0.154,0,0,0,0.154,-0.06,0.154
1235,0,0.041,0.147,0.325,0,0,0.147,0,0,0,0.147,-0.07,0.147
1236,0,0.041,0.14,0.324,0,0,0.14,0,0,0,0.14,-0.05,0.14
1237,0,0.041,0.133,0.322,0,0,0.133,0,0,0,0.133,-0.04,0.133
1238,0,0.041,0.131,0.312,0,0,0.131,0,0,0,0.131,-0.03,0.131
1239,0,0.041,0.128,0.302,0,0,0.128,0,0,0,0.128,-0.01,0.128
1240,0,0.041,0.125,0.291,0,0,0.125,0,0,0,0.125,0.01,0.125
1241,0,0.041,0.123,0.281,0,0,0.123,0,0,0,0.123,0.02,0.123
1242,0,0.041,0.12,0.27,0,0,0.12,0,0,0,0.12,0.02,0.12
1243,0,0.041,0.118,0.26,0,0,0.118,0,0,0,0.118,0.02,0.118
1244,0,0.041,0.115,0.249,0,0,0.115,0,0,0,0.115,0.03,0.115
1245,0,0.041,0.112,0.252,0,0,0.112,0,0,0,0.112,0.02,0.112
1246,0,0.043,0.11,0.254,0,0,0.11,0,0,0,0.11,0.02,0.11
1247,0,0.044,0.107,0.256,0,0,0.107,0,0,0,0.107,0,0.107
1248,0,0.046,0.105,0.258,0,0,0.105,0,0,0,0.105,0,0.105
1249,0,0.048,0.102,0.261,0,0,0.102,0,0,0,0.102,-0.01,0.102
1250,0,0.05,0.099,0.263,0,0,0.099,0,0,0,0.099,-0.01,0.099
1251,0,0.051,0.097,0.265,0,0,0.097,0,0,0,0.097,-0.02,0.097
1252,0,0.053,0.094,0.268,0,0,0.094,0,0,0,0.094,-0.02,0.094
1253,0,0.055,0.092,0.27,0,0,0.092,0,0,0,0.092,-0.05,0.092
1254,0,0.057,0.081,0.267,0,0,0.081,0,0,0,0.081,-0.08,0.081
1255,0,0.058,0.071,0.264,0,0,0.071,0,0,0,0.071,-0.09,0.071
1256,0,0.056,0.06,0.261,0,0,0.06,0,0,0,0.06,-0.09,0.06
1257,0,0.053,0.05,0.258,0,0,0.05,0,0,0,0.05,-0.09,0.05
1258,0,0.05,0.048,0.255,0,0,0.048,0,0,0,0.048,-0.1,0.048
1259,-11.82,0.047,0.046,0.252,0,0,0.046,-11.82,0,0,-11.774,-0.11,0.046
1260,-4.4,0.044,0.044,0.249,0,0,0.044,-4.4,0,0,-4.356,-0.12,0.044
1261,-1.6,0.042,0.042,0.246,0,0,0.042,-1.6,0,0,-1.558,-0.12,0.042
1262,0,0.039,0.043,0.243,0,0,0.043,0,0,0,0.043,-0.13,0.043
1263,0,0.036,0.043,0.24,0,0,0.043,0,0,0,0.043,-0.14,0.043
1264,0,0.033,0.043,0.231,0,0,0.043,0,0,0,0.043,-0.1,0.043
1265,0,0.03,0.044,0.222,0,0,0.044,0,0,0,0.044,-0.07,0.044
1266,0,0.031,0.044,0.212,0,0,0.044,0,0,0,0.044,-0.05,0.044
1267,0,0.031,0.044,0.203,0,0,0.044,0,0,0,0.044,-0.05,0.044
1268,0,0.032,0.045,0.193,0,0,0.045,0,0,0,0.045,-0.05,0.045
1269,0,0.032,0.045,0.184,0,0,0.045,0,0,0,0.045,-0.04,0.045
1270,0,0.033,0.045,0.174,0,0,0.045,0,0,0,0.045,-0.03,0.045
1271,0,0.034,0.046,0.165,0,0.01,0.046,0,0.01,0,0.056,-0.02,0.056
1272,0,0.034,0.046,0.156,0,0.01,0.046,0,0.01,0,0.056,-0.03,0.056
1273,0,0.035,0.046,0.155,0,0.01,0.046,0,0.01,0,0.056,-0.03,0.056
1274,0,0.035,0.044,0.154,0,0.01,0.044,0,0.01,0,0.054,-0.03,0.054
1275,-2.95,0.036,0.042,0.153,0,0.01,0.042,-2.95,0.01,0,-2.898,-0.04,0.052
1276,-1.1,0.029,0.04,0.152,0,0.01,0.04,-1.1,0.01,0,-1.05,-0.03,0.05
1277,0,0.022,0.038,0.151,0,0.01,0.038,0,0.01,0,0.048,-0.03,0.048
1278,0,0.015,0.035,0.151,0,0.01,0.035,0,0.01,0,0.045,-0.03,0.045
1279,0,0.009,0.033,0.15,0,0.01,0.033,0,0.01,0,0.043,-0.05,0.043
1280,0,0.002,0.031,0.149,0,0.01,0.031,0,0.01,0,0.041,-0.06,0.041
1281,0,-0.005,0.03,0.148,0,0.01,0.03,0,0.01,0,0.04,-0.07,0.04
1282,0,-0.012,0.029,0.154,0,0.01,0.029,0,0.01,0,0.039,-0.08,0.039
1283,0,-0.019,0.028,0.16,0,0.01,0.028,0,0.01,0,0.038,-0.1,0.038
1284,0,-0.025,0.027,0.166,0,0.02,0.027,0,0.02,0,0.047,-0.09,0.047
1285,-3.75,-0.032,0.026,0.172,0,0.02,0.026,-3.75,0.02,0,-3.704,-0.09,0.046
1286,-1.4,-0.036,0.025,0.178,0,0.02,0.025,-1.4,0.02,0,-1.355,-0.11,0.045
1287,0,-0.039,0.024,0.184,0,0.02,0.024,0,0.02,0,0.044,-0.12,0.044
1288,0,-0.042,0.022,0.19,0,0.02,0.022,0,0.02,0,0.042,-0.12,0.042
1289,0,-0.046,0.02,0.197,0,0.02,0.02,0,0.02,0,0.04,-0.12,0.04
1290,0,-0.049,0.019,0.202,0,0.02,0.019,0,0.02,0,0.039,-0.09,0.039
1291,0,-0.052,0.017,0.207,0,0.02,0.017,0,0.02,0,0.037,-0.09,0.037
1292,0,-0.056,0.015,0.212,0,0.02,0.015,0,0.02,0,0.035,-0.09,0.035
1293,0,-0.059,0.014,0.217,0,0.02,0.014,0,0.02,0,0.034,-0.09,0.034
1294,0,-0.062,0.012,0.215,0,0.02,0.012,0,0.02,0,0.032,-0.06,0.032
1295,-3.63,-0.066,0.01,0.212,0,0.02,0.01,-3.63,0.02,0,-3.6,-0.05,0.03
1296,-1.3,-0.074,0.008,0.21,0,0.03,0.008,-1.3,0.03,0,-1.262,-0.05,0.038
1297,0,-0.082,0.006,0.207,0,0.03,0.006,0,0.03,0,0.036,-0.04,0.036
1298,0,-0.091,0.005,0.205,0,0.03,0.005,0,0.03,0,0.035,-0.04,0.035
1299,0,-0.099,0.003,0.202,0,0.03,0.003,0,0.03,0,0.033,-0.02,0.033
1300,0,-0.107,0.001,0.2,0,0.03,0.001,0,0.03,0,0.031,0.01,0.031
1301,0,-0.116,-0.001,0.197,0,0.03,-0.001,0,0.03,0,0.029,0.01,0.029
1302,0,-0.124,-0.002,0.195,0,0.03,-0.002,0,0.03,0,0.028,0.03,0.028
1303,0,-0.133,-0.004,0.192,0,0.03,-0.004,0,0.03,0,0.026,0.03,0.026
1304,0,-0.141,-0.005,0.188,0,0.03,-0.005,0,0.03,0,0.025,0.04,0.025
1305,0,-0.149,-0.007,0.184,0,0.03,-0.007,0,0.03,0,0.023,0.03,0.023
1306,0,-0.148,-0.008,0.181,0,0.03,-0.008,0,0.03,0,0.022,0.03,0.022
1307,0,-0.147,-0.01,0.177,0,0.03,-0.01,0,0.03,0,0.02,0.02,0.02
1308,0,-0.145,-0.011,0.175,0,0.03,-0.011,0,0.03,0,0.019,0.02,0.019
1309,0,-0.144,-0.013,0.172,0,0.03,-0.013,0,0.03,0,0.017,0.02,0.017
1310,0,-0.143,-0.014,0.169,0,0.03,-0.014,0,0.03,0,0.016,0.02,0.016
1311,0,-0.141,-0.016,0.166,0,0.03,-0.016,0,0.03,0,0.014,0.02,0.014
1312,0,-0.14,-0.017,0.163,0,0.03,-0.017,0,0.03,0,0.013,0.01,0.013
1313,0,-0.139,-0.019,0.16,0,0.03,-0.019,0,0.03,0,0.011,0.01,0.011
1314,0,-0.137,-0.021,0.157,0,0.03,-0.021,0,0.03,0,0.009,0.01,0.009
1315,0,-0.136,-0.022,0.153,0,0.03,-0.022,0,0.03,0,0.008,0,0.008
1316,0,-0.137,-0.024,0.148,0,0.03,-0.024,0,0.03,0,0.006,-0.01,0.006
1317,0,-0.137,-0.025,0.144,0,0.03,-0.025,0,0.03,0,0.005,-0.02,0.005
1318,0,-0.137,-0.027,0.14,0,0.03,-0.027,0,0.03,0,0.003,0,0.003
1319,0,-0.138,-0.029,0.136,0,0.03,-0.029,0,0.03,0,0.000999999999999997,0,0.000999999999999997
1320,0,-0.138,-0.03,0.131,0,0.03,-0.03,0,0.03,0,0,0.01,0
1321,0,-0.139,-0.032,0.127,0,0.03,-0.032,0,0.03,0,-0.002,0.01,-0.002
1322,0,-0.139,-0.033,0.123,0,0.03,-0.033,0,0.03,0,-0.003,0,-0.003
1323,0,-0.139,-0.033,0.119,0,0.03,-0.033,0,0.03,0,-0.003,-0.01,-0.003
1324,0,-0.14,-0.033,0.114,0,0.03,-0.033,0,0.03,0,-0.003,-0.02,-0.003
1325,0,-0.14,-0.032,0.108,0,0.03,-0.032,0,0.03,0,-0.002,-0.03,-0.002
1326,0,-0.145,-0.032,0.102,0,0.03,-0.032,0,0.03,0,-0.002,-0.03,-0.002
1327,0,-0.15,-0.032,0.095,0,0.03,-0.032,0,0.03,0,-0.002,-0.02,-0.002
1328,0,-0.155,-0.031,0.089,0,0.03,-0.031,0,0.03,0,-0.001,-0.02,-0.001
1329,-3.13,-0.16,-0.031,0.082,0,0.03,-0.031,-3.13,0.03,0,-3.131,-0.01,-0.001
1330,-1.1,-0.165,-0.031,0.076,0,0.03,-0.031,-1.1,0.03,0,-1.101,-0.02,-0.001
1331,0,-0.17,-0.03,0.069,0,0.03,-0.03,0,0.03,0,0,-0.04,0
1332,0,-0.176,-0.03,0.063,0,0.03,-0.03,0,0.03,0,0,-0.06,0
1333,0,-0.181,-0.03,0.056,0,0.03,-0.03,0,0.03,0,0,-0.07,0
1334,0,-0.186,-0.029,0.05,0,0.03,-0.029,0,0.03,0,0.000999999999999997,-0.06,0.000999999999999997
1335,0,-0.191,-0.021,0.053,0,0.02,-0.021,0,0.02,0,-0.001,-0.06,-0.001
1336,0,-0.184,-0.013,0.056,0,0.02,-0.013,0,0.02,0,0.007,-0.05,0.007
1337,0,-0.177,-0.004,0.059,0,0.02,-0.004,0,0.02,0,0.016,-0.07,0.016
1338,0,-0.17,0.004,0.062,0,0.02,0.004,0,0.02,0,0.024,-0.07,0.024
1339,0,-0.164,0.012,0.065,0,0.02,0.012,0,0.02,0,0.032,-0.08,0.032
1340,0,-0.157,0.013,0.068,0,0.02,0.013,0,0.02,0,0.033,-0.1,0.033
1341,0,-0.15,0.013,0.071,0,0.02,0.013,0,0.02,0,0.033,-0.11,0.033
1342,0,-0.143,0.014,0.073,0,0.02,0.014,0,0.02,0,0.034,-0.11,0.034
1343,0,-0.136,0.014,0.076,0,0.01,0.014,0,0.01,0,0.024,-0.11,0.024
1344,0,-0.13,0.015,0.079,0,0.01,0.015,0,0.01,0,0.025,-0.11,0.025
1345,-2.65,-0.123,0.015,0.088,0,0.01,0.015,-2.65,0.01,0,-2.625,-0.12,0.025
1346,-1,-0.116,0.016,0.097,0,0.01,0.016,-1,0.01,0,-0.974,-0.13,0.026
1347,0,-0.11,0.017,0.107,0,0.01,0.017,0,0.01,0,0.027,-0.13,0.027
1348,0,-0.104,0.019,0.116,0,0.01,0.019,0,0.01,0,0.029,-0.12,0.029
1349,0,-0.097,0.02,0.125,0,0.01,0.02,0,0.01,0,0.03,-0.12,0.03
1350,0,-0.091,0.022,0.134,0,0,0.022,0,0,0,0.022,-0.13,0.022
1351,0,-0.084,0.024,0.143,0,0,0.024,0,0,0,0.024,-0.12,0.024
1352,0,-0.078,0.025,0.152,0,0,0.025,0,0,0,0.025,-0.12,0.025
1353,0,-0.072,0.027,0.161,0,0,0.027,0,0,0,0.027,-0.13,0.027
1354,0,-0.065,0.028,0.17,0,0,0.028,0,0,0,0.028,-0.12,0.028
1355,0,-0.059,0.03,0.177,0,0,0.03,0,0,0,0.03,-0.11,0.03
1356,0,-0.057,0.031,0.185,0,0,0.031,0,0,0,0.031,-0.1,0.031
1357,0,-0.055,0.033,0.192,0,0,0.033,0,0,0,0.033,-0.09,0.033
1358,0,-0.053,0.036,0.199,0,-0.01,0.036,0,-0.01,0,0.026,-0.09,0.026
1359,0,-0.051,0.038,0.207,0,-0.01,0.038,0,-0.01,0,0.028,-0.08,0.028
1360,0,-0.05,0.04,0.214,0,-0.01,0.04,0,-0.01,0,0.03,-0.06,0.03
1361,0,-0.048,0.042,0.221,0,-0.01,0.042,0,-0.01,0,0.032,-0.04,0.032
1362,0,-0.046,0.044,0.229,0,-0.01,0.044,0,-0.01,0,0.034,-0.03,0.034
1363,0,-0.044,0.047,0.236,0,-0.01,0.047,0,-0.01,0,0.037,-0.03,0.037
1364,0,-0.042,0.049,0.243,0,-0.01,0.049,0,-0.01,0,0.039,-0.02,0.039
1365,0,-0.04,0.051,0.249,0,-0.01,0.051,0,-0.01,0,0.041,-0.01,0.041
1366,0,-0.032,0.053,0.255,0,-0.01,0.053,0,-0.01,0,0.043,-0.02,0.043
1367,0,-0.024,0.056,0.261,0,-0.02,0.056,0,-0.02,0,0.036,-0.02,0.036
1368,0,-0.015,0.058,0.267,0,-0.02,0.058,0,-0.02,0,0.038,-0.01,0.038
1369,0,-0.007,0.06,0.273,0,-0.02,0.06,0,-0.02,0,0.04,-0.01,0.04
1370,0,0.001,0.062,0.278,0,-0.02,0.062,0,-0.02,0,0.042,-0.02,0.042
1371,0,0.009,0.064,0.284,0,-0.02,0.064,0,-0.02,0,0.044,-0.03,0.044
1372,0,0.018,0.067,0.29,0,-0.02,0.067,0,-0.02,0,0.047,-0.04,0.047
1373,0,0.026,0.069,0.283,0,-0.02,0.069,0,-0.02,0,0.049,-0.05,0.049
1374,0,0.034,0.069,0.276,0,-0.02,0.069,0,-0.02,0,0.049,-0.05,0.049
1375,-1.1,0.042,0.068,0.269,0,-0.02,0.068,-1.1,-0.02,0,-1.052,-0.04,0.048
1376,-0.4,0.039,0.068,0.261,0,-0.02,0.068,-0.4,-0.02,0,-0.352,-0.04,0.048
1377,0,0.035,0.067,0.254,0,-0.03,0.067,0,-0.03,0,0.037,-0.04,0.037
1378,0,0.032,0.067,0.247,0,-0.03,0.067,0,-0.03,0,0.037,-0.04,0.037
1379,0,0.028,0.067,0.24,0,-0.03,0.067,0,-0.03,0,0.037,-0.03,0.037
1380,0,0.025,0.066,0.233,0,-0.03,0.066,0,-0.03,0,0.036,-0.02,0.036
1381,0,0.022,0.066,0.226,0,-0.03,0.066,0,-0.03,0,0.036,0,0.036
1382,0,0.018,0.066,0.218,0,-0.03,0.066,0,-0.03,0,0.036,0,0.036
1383,0,0.015,0.065,0.212,0,-0.03,0.065,0,-0.03,0,0.035,-0.01,0.035
1384,0,0.011,0.064,0.205,0,-0.03,0.064,0,-0.03,0,0.034,0,0.034
1385,0,0.008,0.062,0.199,0,-0.03,0.062,0,-0.03,0,0.032,0,0.032
1386,0,0.003,0.061,0.192,0,-0.03,0.061,0,-0.03,0,0.031,-0.01,0.031
1387,-1.1,-0.001,0.059,0.186,0,-0.03,0.059,-1.1,-0.03,0,-1.071,0,0.029
1388,-0.4,-0.005,0.058,0.179,0,-0.03,0.058,-0.4,-0.03,0,-0.372,-0.01,0.028
1389,0,-0.01,0.057,0.173,0,-0.03,0.057,0,-0.03,0,0.027,-0.01,0.027
1390,0,-0.014,0.055,0.166,0,-0.03,0.055,0,-0.03,0,0.025,-0.03,0.025
1391,0,-0.019,0.054,0.16,0,-0.03,0.054,0,-0.03,0,0.024,-0.02,0.024
1392,0,-0.023,0.049,0.158,0,-0.02,0.049,0,-0.02,0,0.029,-0.04,0.029
1393,0,-0.027,0.044,0.157,0,-0.02,0.044,0,-0.02,0,0.024,-0.04,0.024
1394,0,-0.032,0.039,0.156,0,-0.02,0.039,0,-0.02,0,0.019,-0.03,0.019
1395,0,-0.036,0.034,0.155,0,-0.02,0.034,0,-0.02,0,0.014,-0.03,0.014
1396,0,-0.041,0.027,0.153,0,-0.02,0.027,0,-0.02,0,0.007,-0.03,0.007
1397,0,-0.045,0.018,0.152,0,-0.02,0.018,0,-0.02,0,-0.002,-0.02,-0.002
1398,0,-0.049,0.009,0.151,0,-0.02,0.009,0,-0.02,0,-0.011,-0.02,-0.011
1399,0,-0.054,0,0.151,0,-0.02,0,0,-0.02,0,-0.02,0,-0.02
1400,0,-0.058,-0.007,0.152,0,-0.02,-0.007,0,-0.02,0,-0.027,0,-0.027
1401,0,-0.063,-0.009,0.152,0,-0.02,-0.009,0,-0.02,0,-0.029,0,-0.029
1402,0,-0.067,-0.011,0.153,0,-0.01,-0.011,0,-0.01,0,-0.021,-0.01,-0.021
1403,0,-0.071,-0.013,0.153,0,-0.01,-0.013,0,-0.01,0,-0.023,0,-0.023
1404,0,-0.076,-0.015,0.154,0,-0.01,-0.015,0,-0.01,0,-0.025,0.01,-0.025
1405,0,-0.08,-0.018,0.154,0,-0.01,-0.018,0,-0.01,0,-0.028,0.01,-0.028
1406,0,-0.083,-0.02,0.155,0,-0.01,-0.02,0,-0.01,0,-0.03,0.03,-0.03
1407,0,-0.086,-0.022,0.155,0,-0.01,-0.022,0,-0.01,0,-0.032,0.03,-0.032
1408,-1,-0.089,-0.024,0.152,0,-0.01,-0.024,-1,-0.01,0,-1.034,0.02,-0.034
1409,-0.4,-0.091,-0.025,0.149,0,-0.01,-0.025,-0.4,-0.01,0,-0.435,0.02,-0.035
1410,0,-0.094,-0.027,0.146,0,-0.01,-0.027,0,-0.01,0,-0.037,0,-0.037
1411,0,-0.097,-0.028,0.143,0,0,-0.028,0,0,0,-0.028,0,-0.028
1412,0,-0.1,-0.03,0.14,0,0,-0.03,0,0,0,-0.03,0,-0.03
1413,0,-0.103,-0.032,0.137,0,0,-0.032,0,0,0,-0.032,0,-0.032
1414,0,-0.105,-0.033,0.134,0,0,-0.033,0,0,0,-0.033,0,-0.033
1415,0,-0.108,-0.041,0.131,0,0,-0.041,0,0,0,-0.041,-0.01,-0.041
1416,0,-0.109,-0.048,0.128,0,0,-0.048,0,0,0,-0.048,-0.01,-0.048
1417,0,-0.111,-0.056,0.121,0,0,-0.056,0,0,0,-0.056,-0.02,-0.056
1418,0,-0.112,-0.064,0.115,0,0,-0.064,0,0,0,-0.064,-0.03,-0.064
1419,0,-0.113,-0.071,0.108,0,0,-0.071,0,0,0,-0.071,-0.02,-0.071
1420,0,-0.115,-0.079,0.102,0,0,-0.079,0,0,0,-0.079,0,-0.079
1421,0,-0.116,-0.081,0.096,0,0.01,-0.081,0,0.01,0,-0.071,0,-0.071
1422,0,-0.117,-0.083,0.089,0,0.01,-0.083,0,0.01,0,-0.073,0.01,-0.073
1423,0,-0.119,-0.085,0.083,0,0.01,-0.085,0,0.01,0,-0.075,0,-0.075
1424,0,-0.12,-0.087,0.077,0,0.01,-0.087,0,0.01,0,-0.077,-0.01,-0.077
1425,0,-0.121,-0.089,0.07,0,0.01,-0.089,0,0.01,0,-0.079,-0.01,-0.079
1426,0,-0.123,-0.092,0.067,0,0.01,-0.092,0,0.01,0,-0.082,-0.01,-0.082
1427,0,-0.125,-0.094,0.063,0,0.01,-0.094,0,0.01,0,-0.084,-0.02,-0.084
1428,0,-0.127,-0.104,0.06,0,0.01,-0.104,0,0.01,0,-0.094,-0.01,-0.094
1429,0,-0.129,-0.114,0.056,0,0.01,-0.114,0,0.01,0,-0.104,-0.01,-0.104
1430,0,-0.131,-0.124,0.052,0,0.01,-0.124,0,0.01,0,-0.114,-0.02,-0.114
1431,0,-0.133,-0.134,0.049,0,0.01,-0.134,0,0.01,0,-0.124,-0.04,-0.124
1432,0,-0.135,-0.144,0.045,0,0.01,-0.144,0,0.01,0,-0.134,-0.03,-0.134
1433,0,-0.137,-0.154,0.042,0,0.01,-0.154,0,0.01,0,-0.144,-0.05,-0.144
1434,-0.7,-0.139,-0.162,0.038,0,0.01,-0.162,-0.7,0.01,0,-0.852,-0.05,-0.152
1435,-0.2,-0.141,-0.17,0.034,0,0.01,-0.17,-0.2,0.01,0,-0.36,-0.06,-0.16
1436,0,-0.148,-0.178,0.03,0,0.01,-0.178,0,0.01,0,-0.168,-0.06,-0.168
1437,0,-0.154,-0.187,0.026,0,0.01,-0.187,0,0.01,0,-0.177,-0.06,-0.177
1438,0,-0.161,-0.195,0.022,0,0.01,-0.195,0,0.01,0,-0.185,-0.06,-0.185
1439,0,-0.167,-0.203,0.018,0,0.01,-0.203,0,0.01,0,-0.193,-0.07,-0.193
1440,0,-0.173,-0.211,0.014,0,0.01,-0.211,0,0.01,0,-0.201,-0.08,-0.201
1441,0,-0.18,-0.219,0.01,0,0.01,-0.219,0,0.01,0,-0.209,-0.08,-0.209
1442,0,-0.186,-0.22,0.007,0,0,-0.22,0,0,0,-0.22,-0.08,-0.22
1443,0,-0.193,-0.222,0.003,0,0,-0.222,0,0,0,-0.222,-0.08,-0.222
1444,0,-0.199,-0.223,-0.001,0,0,-0.223,0,0,0,-0.223,-0.09,-0.223
1445,0,-0.205,-0.225,-0.017,0,0,-0.225,0,0,0,-0.225,-0.09,-0.225
1446,0,-0.208,-0.226,-0.033,0,0,-0.226,0,0,0,-0.226,-0.09,-0.226
1447,0,-0.21,-0.226,-0.049,0,0,-0.226,0,0,0,-0.226,-0.1,-0.226
1448,0,-0.212,-0.225,-0.065,0,-0.01,-0.225,0,-0.01,0,-0.235,-0.12,-0.235
1449,0,-0.214,-0.224,-0.081,0,-0.01,-0.224,0,-0.01,0,-0.234,-0.12,-0.234
1450,0,-0.217,-0.223,-0.097,0,-0.01,-0.223,0,-0.01,0,-0.233,-0.13,-0.233
1451,0,-0.219,-0.222,-0.113,0,-0.01,-0.222,0,-0.01,0,-0.232,-0.13,-0.232
1452,0,-0.221,-0.225,-0.129,0,-0.02,-0.225,0,-0.02,0,-0.245,-0.14,-0.245
1453,-4.4,-0.223,-0.227,-0.145,0,-0.02,-0.227,-4.4,-0.02,0,-4.647,-0.15,-0.247
1454,-1.6,-0.226,-0.229,-0.147,0,-0.02,-0.229,-1.6,-0.02,0,-1.849,-0.15,-0.249
1455,0,-0.228,-0.231,-0.15,0,-0.02,-0.231,0,-0.02,0,-0.251,-0.15,-0.251
1456,0,-0.226,-0.233,-0.152,0,-0.03,-0.233,0,-0.03,0,-0.263,-0.15,-0.263
1457,0,-0.224,-0.235,-0.155,0,-0.03,-0.235,0,-0.03,0,-0.265,-0.15,-0.265
1458,0,-0.222,-0.238,-0.157,0,-0.03,-0.238,0,-0.03,0,-0.268,-0.15,-0.268
1459,-4.2,-0.221,-0.234,-0.16,0,-0.03,-0.234,-4.2,-0.03,0,-4.464,-0.13,-0.264
1460,-4.53,-0.219,-0.23,-0.154,0,-0.04,-0.23,-4.53,-0.04,0,-4.8,-0.14,-0.27
1461,-1.7,-0.217,-0.226,-0.149,0,-0.04,-0.226,-1.7,-0.04,0,-1.966,-0.14,-0.266
1462,0,-0.215,-0.222,-0.144,0,-0.04,-0.222,0,-0.04,0,-0.262,-0.14,-0.262
1463,0,-0.213,-0.219,-0.139,0,-0.04,-0.219,0,-0.04,0,-0.259,-0.13,-0.259
1464,0,-0.211,-0.216,-0.133,0,-0.04,-0.216,0,-0.04,0,-0.256,-0.14,-0.256
1465,0,-0.209,-0.214,-0.128,0,-0.04,-0.214,0,-0.04,0,-0.254,-0.13,-0.254
1466,-1.1,-0.209,-0.211,-0.123,0,-0.04,-0.211,-1.1,-0.04,0,-1.351,-0.13,-0.251
1467,-0.4,-0.209,-0.209,-0.117,0,-0.04,-0.209,-0.4,-0.04,0,-0.649,-0.13,-0.249
1468,0,-0.209,-0.206,-0.112,0,-0.04,-0.206,0,-0.04,0,-0.246,-0.13,-0.246
1469,0,-0.209,-0.204,-0.107,0,-0.04,-0.204,0,-0.04,0,-0.244,-0.14,-0.244
1470,0,-0.209,-0.195,-0.102,0,-0.04,-0.195,0,-0.04,0,-0.235,-0.15,-0.235
1471,0,-0.209,-0.187,-0.098,0,-0.04,-0.187,0,-0.04,0,-0.227,-0.16,-0.227
1472,0,-0.209,-0.179,-0.093,0,-0.04,-0.179,0,-0.04,0,-0.219,-0.16,-0.219
1473,0,-0.209,-0.171,-0.088,0,-0.04,-0.171,0,-0.04,0,-0.211,-0.16,-0.211
1474,0,-0.209,-0.163,-0.084,0,-0.04,-0.163,0,-0.04,0,-0.203,-0.16,-0.203
1475,0,-0.209,-0.155,-0.079,0,-0.04,-0.155,0,-0.04,0,-0.195,-0.16,-0.195
1476,0,-0.211,-0.147,-0.075,0,-0.04,-0.147,0,-0.04,0,-0.187,-0.17,-0.187
1477,0,-0.212,-0.135,-0.075,0,-0.04,-0.135,0,-0.04,0,-0.175,-0.18,-0.175
1478,0,-0.214,-0.124,-0.075,0,-0.03,-0.124,0,-0.03,0,-0.154,-0.19,-0.154
1479,0,-0.215,-0.113,-0.075,0,-0.03,-0.113,0,-0.03,0,-0.143,-0.2,-0.143
1480,0,-0.217,-0.101,-0.075,0,-0.03,-0.101,0,-0.03,0,-0.131,-0.18,-0.131
1481,-1,-0.218,-0.09,-0.075,0,-0.03,-0.09,-1,-0.03,0,-1.12,-0.18,-0.12
1482,0,-0.22,-0.091,-0.076,0,-0.03,-0.091,0,-0.03,0,-0.121,-0.17,-0.121
1483,-1.4,-0.221,-0.092,-0.076,0,-0.02,-0.092,-1.4,-0.02,0,-1.512,-0.16,-0.112
1484,0,-0.223,-0.093,-0.076,0,-0.02,-0.093,0,-0.02,0,-0.113,-0.16,-0.113
1485,0,-0.224,-0.094,-0.076,0,-0.02,-0.094,0,-0.02,0,-0.114,-0.16,-0.114
1486,0,-0.225,-0.095,-0.076,0,-0.02,-0.095,0,-0.02,0,-0.115,-0.14,-0.115
1487,0,-0.227,-0.096,-0.075,0,-0.01,-0.096,0,-0.01,0,-0.106,-0.13,-0.106
1488,0,-0.228,-0.097,-0.075,0,-0.01,-0.097,0,-0.01,0,-0.107,-0.13,-0.107
1489,0,-0.229,-0.098,-0.074,0,-0.01,-0.098,0,-0.01,0,-0.108,-0.12,-0.108
1490,0,-0.231,-0.099,-0.074,0,-0.01,-0.099,0,-0.01,0,-0.109,-0.12,-0.109
1491,0,-0.232,-0.1,-0.074,0,-0.01,-0.1,0,-0.01,0,-0.11,-0.12,-0.11
1492,0,-0.233,-0.101,-0.073,0,0,-0.101,0,0,0,-0.101,-0.12,-0.101
1493,0,-0.235,-0.102,-0.073,0,0,-0.102,0,0,0,-0.102,-0.12,-0.102
1494,0,-0.236,-0.103,-0.072,0,0,-0.103,0,0,0,-0.103,-0.13,-0.103
1495,-1.2,-0.237,-0.103,-0.072,0,0,-0.103,-1.2,0,0,-1.303,-0.14,-0.103
1496,-0.4,-0.235,-0.104,-0.068,0,0.01,-0.104,-0.4,0.01,0,-0.494,-0.13,-0.094
1497,0,-0.232,-0.105,-0.065,0,0.01,-0.105,0,0.01,0,-0.095,-0.14,-0.095
1498,0,-0.229,-0.105,-0.061,0,0.01,-0.105,0,0.01,0,-0.095,-0.13,-0.095
1499,0,-0.226,-0.106,-0.057,0,0.01,-0.106,0,0.01,0,-0.096,-0.11,-0.096
1500,0,-0.223,-0.106,-0.054,0,0.01,-0.106,0,0.01,0,-0.096,-0.11,-0.096
1501,0,-0.221,-0.107,-0.05,0,0.01,-0.107,0,0.01,0,-0.097,-0.1,-0.097
1502,0,-0.218,-0.108,-0.047,0,0.02,-0.108,0,0.02,0,-0.088,-0.1,-0.088
1503,0,-0.215,-0.108,-0.043,0,0.02,-0.108,0,0.02,0,-0.088,-0.1,-0.088
1504,-1,-0.212,-0.109,-0.04,0,0.02,-0.109,-1,0.02,0,-1.089,-0.09,-0.089
1505,-0.4,-0.209,-0.108,-0.037,0,0.02,-0.108,-0.4,0.02,0,-0.488,-0.07,-0.088
1506,0,-0.207,-0.108,-0.034,0,0.02,-0.108,0,0.02,0,-0.088,-0.05,-0.088
1507,0,-0.206,-0.107,-0.031,0,0.02,-0.107,0,0.02,0,-0.087,-0.04,-0.087
1508,0,-0.204,-0.107,-0.028,0,0.02,-0.107,0,0.02,0,-0.087,-0.03,-0.087
1509,0,-0.202,-0.106,-0.025,0,0.02,-0.106,0,0.02,0,-0.086,-0.03,-0.086
1510,0,-0.2,-0.106,-0.022,0,0.02,-0.106,0,0.02,0,-0.086,-0.03,-0.086
1511,0,-0.198,-0.105,-0.019,0,0.03,-0.105,0,0.03,0,-0.075,-0.04,-0.075
1512,0,-0.196,-0.108,-0.016,0,0.03,-0.108,0,0.03,0,-0.078,-0.04,-0.078
1513,0,-0.194,-0.112,-0.025,0,0.03,-0.112,0,0.03,0,-0.082,-0.03,-0.082
1514,0,-0.193,-0.115,-0.034,0,0.03,-0.115,0,0.03,0,-0.085,-0.03,-0.085
1515,0,-0.191,-0.118,-0.043,0,0.03,-0.118,0,0.03,0,-0.088,-0.02,-0.088
1516,0,-0.194,-0.121,-0.052,0,0.03,-0.121,0,0.03,0,-0.091,-0.03,-0.091
1517,0,-0.196,-0.125,-0.061,0,0.03,-0.125,0,0.03,0,-0.095,-0.06,-0.095
1518,0,-0.199,-0.128,-0.07,0,0.03,-0.128,0,0.03,0,-0.098,-0.08,-0.098
1519,0,-0.202,-0.129,-0.079,0,0.03,-0.129,0,0.03,0,-0.099,-0.11,-0.099
1520,0,-0.205,-0.131,-0.088,0,0.03,-0.131,0,0.03,0,-0.101,-0.12,-0.101
1521,0,-0.207,-0.132,-0.097,0,0.03,-0.132,0,0.03,0,-0.102,-0.12,-0.102
1522,0,-0.21,-0.134,-0.1,0,0.03,-0.134,0,0.03,0,-0.104,-0.12,-0.104
1523,0,-0.213,-0.135,-0.103,0,0.03,-0.135,0,0.03,0,-0.105,-0.12,-0.105
1524,0,-0.216,-0.136,-0.106,0,0.03,-0.136,0,0.03,0,-0.106,-0.12,-0.106
1525,0,-0.219,-0.138,-0.109,0,0.03,-0.138,0,0.03,0,-0.108,-0.12,-0.108
1526,0,-0.22,-0.139,-0.112,0,0.03,-0.139,0,0.03,0,-0.109,-0.13,-0.109
1527,-2.79,-0.221,-0.142,-0.115,0,0.03,-0.142,-2.79,0.03,0,-2.902,-0.13,-0.112
1528,-1,-0.222,-0.145,-0.118,0,0.03,-0.145,-1,0.03,0,-1.115,-0.11,-0.115
1529,0,-0.223,-0.148,-0.121,0,0.03,-0.148,0,0.03,0,-0.118,-0.09,-0.118
1530,0,-0.224,-0.151,-0.124,0,0.03,-0.151,0,0.03,0,-0.121,-0.07,-0.121
1531,0,-0.225,-0.153,-0.127,0,0.03,-0.153,0,0.03,0,-0.123,-0.07,-0.123
1532,0,-0.226,-0.156,-0.132,0,0.03,-0.156,0,0.03,0,-0.126,-0.06,-0.126
1533,0,-0.227,-0.159,-0.136,0,0.03,-0.159,0,0.03,0,-0.129,-0.06,-0.129
1534,0,-0.228,-0.162,-0.14,0,0.02,-0.162,0,0.02,0,-0.142,-0.06,-0.142
1535,0,-0.229,-0.164,-0.144,0,0.02,-0.164,0,0.02,0,-0.144,-0.07,-0.144
1536,0,-0.226,-0.166,-0.149,0,0.02,-0.166,0,0.02,0,-0.146,-0.07,-0.146
1537,0,-0.222,-0.168,-0.153,0,0.02,-0.168,0,0.02,0,-0.148,-0.08,-0.148
1538,0,-0.218,-0.169,-0.157,0,0.02,-0.169,0,0.02,0,-0.149,-0.08,-0.149
1539,0,-0.214,-0.171,-0.161,0,0.02,-0.171,0,0.02,0,-0.151,-0.1,-0.151
1540,0,-0.211,-0.173,-0.166,0,0.02,-0.173,0,0.02,0,-0.153,-0.12,-0.153
1541,0,-0.207,-0.172,-0.166,0,0.02,-0.172,0,0.02,0,-0.152,-0.13,-0.152
1542,0,-0.203,-0.171,-0.167,0,0.02,-0.171,0,0.02,0,-0.151,-0.14,-0.151
1543,0,-0.199,-0.169,-0.168,0,0.02,-0.169,0,0.02,0,-0.149,-0.16,-0.149
1544,0,-0.196,-0.168,-0.169,0,0.02,-0.168,0,0.02,0,-0.148,-0.17,-0.148
1545,0,-0.192,-0.167,-0.17,0,0.02,-0.167,0,0.02,0,-0.147,-0.18,-0.147
1546,0,-0.188,-0.166,-0.17,0,0.02,-0.166,0,0.02,0,-0.146,-0.18,-0.146
1547,0,-0.185,-0.164,-0.171,0,0.02,-0.164,0,0.02,0,-0.144,-0.18,-0.144
1548,0,-0.181,-0.163,-0.172,0,0.02,-0.163,0,0.02,0,-0.143,-0.17,-0.143
1549,0,-0.177,-0.162,-0.173,0,0.02,-0.162,0,0.02,0,-0.142,-0.17,-0.142
1550,0,-0.173,-0.162,-0.172,0,0.02,-0.162,0,0.02,0,-0.142,-0.17,-0.142
1551,0,-0.17,-0.162,-0.171,0,0.02,-0.162,0,0.02,0,-0.142,-0.16,-0.142
1552,0,-0.166,-0.162,-0.171,0,0.02,-0.162,0,0.02,0,-0.142,-0.16,-0.142
1553,0,-0.162,-0.162,-0.17,0,0.02,-0.162,0,0.02,0,-0.142,-0.15,-0.142
1554,0,-0.158,-0.162,-0.169,0,0.02,-0.162,0,0.02,0,-0.142,-0.14,-0.142
1555,0,-0.155,-0.162,-0.168,0,0.02,-0.162,0,0.02,0,-0.142,-0.13,-0.142
1556,0,-0.151,-0.162,-0.168,0,0.01,-0.162,0,0.01,0,-0.152,-0.13,-0.152
1557,0,-0.147,-0.162,-0.167,0,0.01,-0.162,0,0.01,0,-0.152,-0.13,-0.152
1558,0,-0.143,-0.162,-0.166,0,0.01,-0.162,0,0.01,0,-0.152,-0.13,-0.152
1559,0,-0.139,-0.162,-0.164,0,0.01,-0.162,0,0.01,0,-0.152,-0.12,-0.152
1560,0,-0.135,-0.16,-0.163,0,0.01,-0.16,0,0.01,0,-0.15,-0.1,-0.15
1561,0,-0.131,-0.157,-0.161,0,0.01,-0.157,0,0.01,0,-0.147,-0.11,-0.147
1562,0,-0.127,-0.155,-0.16,0,0.01,-0.155,0,0.01,0,-0.145,-0.11,-0.145
1563,0,-0.123,-0.153,-0.159,0,0.01,-0.153,0,0.01,0,-0.143,-0.11,-0.143
1564,-2.62,-0.119,-0.151,-0.158,0,0.01,-0.151,-2.62,0.01,0,-2.761,-0.12,-0.141
1565,-1,-0.115,-0.149,-0.157,0,0.01,-0.149,-1,0.01,0,-1.139,-0.11,-0.139
1566,0,-0.112,-0.146,-0.157,0,0.01,-0.146,0,0.01,0,-0.136,-0.11,-0.136
1567,0,-0.109,-0.144,-0.156,0,0.01,-0.144,0,0.01,0,-0.134,-0.1,-0.134
1568,0,-0.107,-0.142,-0.155,0,0,-0.142,0,0,0,-0.142,-0.1,-0.142
1569,0,-0.104,-0.14,-0.155,0,0,-0.14,0,0,0,-0.14,-0.1,-0.14
1570,-0.7,-0.101,-0.137,-0.154,0,0,-0.137,-0.7,0,0,-0.837,-0.09,-0.137
1571,-0.2,-0.099,-0.135,-0.153,0,0,-0.135,-0.2,0,0,-0.335,-0.09,-0.135
1572,0,-0.096,-0.133,-0.153,0,0,-0.133,0,0,0,-0.133,-0.08,-0.133
1573,0,-0.093,-0.131,-0.152,0,0,-0.131,0,0,0,-0.131,-0.06,-0.131
1574,0,-0.091,-0.129,-0.151,0,0,-0.129,0,0,0,-0.129,-0.06,-0.129
1575,0,-0.088,-0.126,-0.151,0,-0.01,-0.126,0,-0.01,0,-0.136,-0.07,-0.136
1576,0,-0.086,-0.124,-0.15,0,-0.01,-0.124,0,-0.01,0,-0.134,-0.08,-0.134
1577,0,-0.083,-0.118,-0.15,0,-0.01,-0.118,0,-0.01,0,-0.128,-0.08,-0.128
1578,0,-0.081,-0.112,-0.151,0,-0.01,-0.112,0,-0.01,0,-0.122,-0.08,-0.122
1579,0,-0.078,-0.106,-0.153,0,-0.02,-0.106,0,-0.02,0,-0.126,-0.07,-0.126
1580,0,-0.076,-0.099,-0.154,0,-0.02,-0.099,0,-0.02,0,-0.119,-0.07,-0.119
1581,0,-0.073,-0.093,-0.156,0,-0.02,-0.093,0,-0.02,0,-0.113,-0.08,-0.113
1582,0,-0.07,-0.087,-0.158,0,-0.03,-0.087,0,-0.03,0,-0.117,-0.1,-0.117
1583,0,-0.068,-0.081,-0.159,0,-0.03,-0.081,0,-0.03,0,-0.111,-0.1,-0.111
1584,0,-0.065,-0.075,-0.161,0,-0.04,-0.075,0,-0.04,0,-0.115,-0.12,-0.115
1585,0,-0.063,-0.071,-0.162,0,-0.04,-0.071,0,-0.04,0,-0.111,-0.12,-0.111
1586,0,-0.06,-0.066,-0.164,0,-0.04,-0.066,0,-0.04,0,-0.106,-0.12,-0.106
1587,-4.47,-0.057,-0.062,-0.166,0,-0.05,-0.062,-4.47,-0.05,0,-4.582,-0.12,-0.112
1588,-3.16,-0.054,-0.058,-0.164,0,-0.05,-0.058,-3.16,-0.05,0,-3.268,-0.12,-0.108
1589,-1.2,-0.051,-0.054,-0.162,0,-0.06,-0.054,-1.2,-0.06,0,-1.314,-0.12,-0.114
1590,0,-0.048,-0.05,-0.16,0,-0.06,-0.05,0,-0.06,0,-0.11,-0.13,-0.11
1591,0,-0.045,-0.045,-0.158,0,-0.07,-0.045,0,-0.07,0,-0.115,-0.12,-0.115
1592,0,-0.042,-0.041,-0.156,0,-0.08,-0.041,0,-0.08,0,-0.121,-0.13,-0.121
1593,0,-0.039,-0.037,-0.154,0,-0.08,-0.037,0,-0.08,0,-0.117,-0.12,-0.117
1594,0,-0.036,-0.031,-0.152,0,-0.09,-0.031,0,-0.09,0,-0.121,-0.12,-0.121
1595,0,-0.034,-0.024,-0.15,0,-0.09,-0.024,0,-0.09,0,-0.114,-0.11,-0.114
1596,0,-0.028,-0.018,-0.148,0,-0.1,-0.018,0,-0.1,0,-0.118,-0.14,-0.118
1597,0,-0.022,-0.011,-0.147,0,-0.11,-0.011,0,-0.11,0,-0.121,-0.16,-0.121
1598,0,-0.016,-0.005,-0.133,0,-0.11,-0.005,0,-0.11,0,-0.115,-0.16,-0.115
1599,0,-0.011,0.002,-0.12,0,-0.12,0.002,0,-0.12,0,-0.118,-0.17,-0.118
1600,0,-0.005,0.008,-0.106,0,-0.12,0.008,0,-0.12,0,-0.112,-0.18,-0.112
1601,-5.43,0.001,0.01,-0.093,0,-0.13,0.01,-5.43,-0.13,0,-5.55,-0.19,-0.12
1602,-2,0.007,0.011,-0.079,0,-0.14,0.011,-2,-0.14,0,-2.129,-0.21,-0.129
1603,-0.7,0.012,0.013,-0.066,0,-0.14,0.013,-0.7,-0.14,0,-0.827,-0.23,-0.127
1604,0,0.018,0.014,-0.052,0,-0.14,0.014,0,-0.14,0,-0.126,-0.25,-0.126
1605,0,0.024,0.015,-0.039,0,-0.15,0.015,0,-0.15,0,-0.135,-0.24,-0.135
1606,0,0.024,0.017,-0.025,0,-0.15,0.017,0,-0.15,0,-0.133,-0.24,-0.133
1607,0,0.024,0.018,-0.02,0,-0.15,0.018,0,-0.15,0,-0.132,-0.23,-0.132
1608,0,0.024,0.02,-0.015,0,-0.16,0.02,0,-0.16,0,-0.14,-0.21,-0.14
1609,0,0.024,0.022,-0.01,0,-0.16,0.022,0,-0.16,0,-0.138,-0.21,-0.138
1610,0,0.024,0.024,-0.006,0,-0.16,0.024,0,-0.16,0,-0.136,-0.21,-0.136
1611,0,0.024,0.026,-0.001,0,-0.16,0.026,0,-0.16,0,-0.134,-0.21,-0.134
1612,0,0.024,0.028,0.004,0,-0.16,0.028,0,-0.16,0,-0.132,-0.21,-0.132
1613,-2.79,0.024,0.03,0.005,0,-0.16,0.03,-2.79,-0.16,0,-2.92,-0.2,-0.13
1614,-1,0.024,0.033,0.006,0,-0.16,0.033,-1,-0.16,0,-1.127,-0.19,-0.127
1615,0,0.024,0.035,0.008,0,-0.16,0.035,0,-0.16,0,-0.125,-0.19,-0.125
1616,0,0.023,0.037,0.009,0,-0.16,0.037,0,-0.16,0,-0.123,-0.21,-0.123
1617,0,0.022,0.039,0.01,0,-0.16,0.039,0,-0.16,0,-0.121,-0.22,-0.121
1618,0,0.021,0.041,0.011,0,-0.16,0.041,0,-0.16,0,-0.119,-0.22,-0.119
1619,0,0.02,0.043,0.012,0,-0.16,0.043,0,-0.16,0,-0.117,-0.23,-0.117
1620,0,0.02,0.045,0.013,0,-0.16,0.045,0,-0.16,0,-0.115,-0.23,-0.115
1621,0,0.019,0.047,0.014,0,-0.15,0.047,0,-0.15,0,-0.103,-0.23,-0.103
1622,-3.1,0.018,0.05,0.016,0,-0.15,0.05,-3.1,-0.15,0,-3.2,-0.24,-0.1
1623,-1.1,0.017,0.052,0.018,0,-0.15,0.052,-1.1,-0.15,0,-1.198,-0.24,-0.098
1624,0,0.017,0.054,0.02,0,-0.15,0.054,0,-0.15,0,-0.096,-0.25,-0.096
1625,0,0.016,0.055,0.022,0,-0.14,0.055,0,-0.14,0,-0.085,-0.26,-0.085
1626,0,0.014,0.056,0.024,0,-0.14,0.056,0,-0.14,0,-0.084,-0.25,-0.084
1627,0,0.012,0.057,0.026,0,-0.14,0.057,0,-0.14,0,-0.083,-0.25,-0.083
1628,0,0.01,0.058,0.028,0,-0.14,0.058,0,-0.14,0,-0.082,-0.26,-0.082
1629,0,0.008,0.059,0.026,0,-0.13,0.059,0,-0.13,0,-0.071,-0.26,-0.071
1630,0,0.006,0.06,0.025,0,-0.13,0.06,0,-0.13,0,-0.07,-0.26,-0.07
1631,0,0.004,0.061,0.024,0,-0.13,0.061,0,-0.13,0,-0.069,-0.25,-0.069
1632,0,0.002,0.055,0.022,0,-0.12,0.055,0,-0.12,0,-0.065,-0.24,-0.065
1633,0,0,0.048,0.021,0,-0.12,0.048,0,-0.12,0,-0.072,-0.24,-0.072
1634,0,-0.002,0.042,0.02,0,-0.12,0.042,0,-0.12,0,-0.078,-0.24,-0.078
1635,0,-0.004,0.035,0.018,0,-0.11,0.035,0,-0.11,0,-0.075,-0.23,-0.075
1636,0,-0.009,0.029,0.017,0,-0.11,0.029,0,-0.11,0,-0.081,-0.24,-0.081
1637,0,-0.014,0.022,0.016,0,-0.11,0.022,0,-0.11,0,-0.088,-0.24,-0.088
1638,0,-0.018,0.016,0.014,0,-0.11,0.016,0,-0.11,0,-0.094,-0.25,-0.094
1639,0,-0.023,0.013,0.011,0,-0.1,0.013,0,-0.1,0,-0.087,-0.25,-0.087
1640,0,-0.028,0.009,0.007,0,-0.1,0.009,0,-0.1,0,-0.091,-0.23,-0.091
1641,-5.5,-0.032,0.006,0.003,0,-0.1,0.006,-5.5,-0.1,0,-5.594,-0.23,-0.094
1642,-2,-0.037,0.003,0,0,-0.1,0.003,-2,-0.1,0,-2.097,-0.24,-0.097
1643,-0.8,-0.042,0,-0.004,0,-0.09,0,-0.8,-0.09,0,-0.89,-0.26,-0.09
1644,0,-0.046,-0.004,-0.008,0,-0.09,-0.004,0,-0.09,0,-0.094,-0.25,-0.094
1645,-0.4,-0.051,-0.007,-0.011,0,-0.09,-0.007,-0.4,-0.09,0,-0.497,-0.23,-0.097
1646,-0.1,-0.053,-0.012,-0.015,0,-0.09,-0.012,-0.1,-0.09,0,-0.202,-0.23,-0.102
1647,0,-0.055,-0.016,-0.019,0,-0.09,-0.016,0,-0.09,0,-0.106,-0.21,-0.106
1648,0,-0.058,-0.021,-0.022,0,-0.09,-0.021,0,-0.09,0,-0.111,-0.21,-0.111
1649,0,-0.06,-0.026,-0.027,0,-0.09,-0.026,0,-0.09,0,-0.116,-0.21,-0.116
1650,0,-0.062,-0.031,-0.031,0,-0.09,-0.031,0,-0.09,0,-0.121,-0.19,-0.121
1651,0,-0.064,-0.036,-0.036,0,-0.09,-0.036,0,-0.09,0,-0.126,-0.18,-0.126
1652,0,-0.067,-0.041,-0.04,0,-0.09,-0.041,0,-0.09,0,-0.131,-0.17,-0.131
1653,0,-0.069,-0.048,-0.045,0,-0.09,-0.048,0,-0.09,0,-0.138,-0.16,-0.138
1654,0,-0.071,-0.056,-0.049,0,-0.09,-0.056,0,-0.09,0,-0.146,-0.15,-0.146
1655,0,-0.074,-0.064,-0.053,0,-0.09,-0.064,0,-0.09,0,-0.154,-0.15,-0.154
1656,0,-0.077,-0.071,-0.058,0,-0.09,-0.071,0,-0.09,0,-0.161,-0.15,-0.161
1657,0,-0.08,-0.079,-0.062,0,-0.09,-0.079,0,-0.09,0,-0.169,-0.16,-0.169
1658,0,-0.084,-0.086,-0.067,0,-0.09,-0.086,0,-0.09,0,-0.176,-0.16,-0.176
1659,0,-0.087,-0.094,-0.072,0,-0.09,-0.094,0,-0.09,0,-0.184,-0.15,-0.184
1660,0,-0.09,-0.094,-0.077,0,-0.09,-0.094,0,-0.09,0,-0.184,-0.14,-0.184
1661,0,-0.093,-0.095,-0.082,0,-0.09,-0.095,0,-0.09,0,-0.185,-0.15,-0.185
1662,0,-0.097,-0.095,-0.087,0,-0.09,-0.095,0,-0.09,0,-0.185,-0.15,-0.185
1663,0,-0.1,-0.096,-0.093,0,-0.1,-0.096,0,-0.1,0,-0.196,-0.16,-0.196
1664,0,-0.103,-0.096,-0.098,0,-0.1,-0.096,0,-0.1,0,-0.196,-0.17,-0.196
1665,0,-0.107,-0.097,-0.103,0,-0.1,-0.097,0,-0.1,0,-0.197,-0.17,-0.197
1666,0,-0.111,-0.097,-0.108,0,-0.1,-0.097,0,-0.1,0,-0.197,-0.17,-0.197
1667,-2.42,-0.115,-0.098,-0.113,0,-0.1,-0.098,-2.42,-0.1,0,-2.618,-0.17,-0.198
1668,-0.9,-0.119,-0.1,-0.114,0,-0.1,-0.1,-0.9,-0.1,0,-1.1,-0.16,-0.2
1669,0,-0.123,-0.103,-0.115,0,-0.1,-0.103,0,-0.1,0,-0.203,-0.17,-0.203
1670,0,-0.127,-0.105,-0.116,0,-0.11,-0.105,0,-0.11,0,-0.215,-0.18,-0.215
1671,0,-0.131,-0.108,-0.117,0,-0.11,-0.108,0,-0.11,0,-0.218,-0.19,-0.218
1672,0,-0.135,-0.11,-0.117,0,-0.11,-0.11,0,-0.11,0,-0.22,-0.2,-0.22
1673,0,-0.139,-0.113,-0.118,0,-0.11,-0.113,0,-0.11,0,-0.223,-0.22,-0.223
1674,-3.37,-0.143,-0.123,-0.119,0,-0.11,-0.123,-3.37,-0.11,0,-3.603,-0.23,-0.233
1675,-1.2,-0.147,-0.134,-0.12,0,-0.11,-0.134,-1.2,-0.11,0,-1.444,-0.24,-0.244
1676,0,-0.15,-0.143,-0.121,0,-0.11,-0.143,0,-0.11,0,-0.253,-0.24,-0.253
1677,0,-0.154,-0.142,-0.122,0,-0.11,-0.142,0,-0.11,0,-0.252,-0.25,-0.252
1678,0,-0.158,-0.141,-0.125,0,-0.11,-0.141,0,-0.11,0,-0.251,-0.26,-0.251
1679,0,-0.162,-0.14,-0.128,0,-0.11,-0.14,0,-0.11,0,-0.25,-0.27,-0.25
1680,0,-0.165,-0.139,-0.131,0,-0.11,-0.139,0,-0.11,0,-0.249,-0.27,-0.249
1681,-2.79,-0.169,-0.142,-0.134,0,-0.11,-0.142,-2.79,-0.11,0,-3.042,-0.29,-0.252
1682,-1,-0.173,-0.144,-0.136,0,-0.11,-0.144,-1,-0.11,0,-1.254,-0.28,-0.254
1683,0,-0.177,-0.146,-0.139,0,-0.11,-0.146,0,-0.11,0,-0.256,-0.27,-0.256
1684,0,-0.18,-0.149,-0.142,0,-0.11,-0.149,0,-0.11,0,-0.259,-0.25,-0.259
1685,0,-0.184,-0.151,-0.145,0,-0.11,-0.151,0,-0.11,0,-0.261,-0.24,-0.261
1686,0,-0.186,-0.154,-0.148,0,-0.11,-0.154,0,-0.11,0,-0.264,-0.23,-0.264
1687,0,-0.188,-0.156,-0.155,0,-0.11,-0.156,0,-0.11,0,-0.266,-0.22,-0.266
1688,0,-0.19,-0.158,-0.163,0,-0.11,-0.158,0,-0.11,0,-0.268,-0.21,-0.268
1689,-0.75,-0.192,-0.151,-0.17,0,-0.11,-0.151,-0.75,-0.11,0,-1.011,-0.21,-0.261
1690,0,-0.193,-0.147,-0.177,0,-0.1,-0.147,0,-0.1,0,-0.247,-0.22,-0.247
1691,0,-0.195,-0.145,-0.184,0,-0.1,-0.145,0,-0.1,0,-0.245,-0.21,-0.245
1692,0,-0.197,-0.143,-0.191,0,-0.1,-0.143,0,-0.1,0,-0.243,-0.22,-0.243
1693,0,-0.199,-0.141,-0.198,0,-0.1,-0.141,0,-0.1,0,-0.241,-0.23,-0.241
1694,0,-0.201,-0.139,-0.206,0,-0.1,-0.139,0,-0.1,0,-0.239,-0.24,-0.239
1695,-3.5,-0.203,-0.137,-0.213,0,-0.1,-0.137,-3.5,-0.1,0,-3.737,-0.25,-0.237
1696,-1.3,-0.202,-0.135,-0.22,0,-0.1,-0.135,-1.3,-0.1,0,-1.535,-0.26,-0.235
1697,0,-0.202,-0.133,-0.221,0,-0.09,-0.133,0,-0.09,0,-0.223,-0.26,-0.223
1698,0,-0.201,-0.131,-0.223,0,-0.09,-0.131,0,-0.09,0,-0.221,-0.26,-0.221
1699,0,-0.201,-0.129,-0.224,0,-0.09,-0.129,0,-0.09,0,-0.219,-0.26,-0.219
1700,0,-0.201,-0.127,-0.225,0,-0.09,-0.127,0,-0.09,0,-0.217,-0.27,-0.217
1701,0,-0.2,-0.125,-0.226,0,-0.09,-0.125,0,-0.09,0,-0.215,-0.27,-0.215
1702,0,-0.2,-0.123,-0.228,0,-0.09,-0.123,0,-0.09,0,-0.213,-0.25,-0.213
1703,0,-0.199,-0.121,-0.229,0,-0.09,-0.121,0,-0.09,0,-0.211,-0.24,-0.211
1704,0,-0.199,-0.119,-0.23,0,-0.09,-0.119,0,-0.09,0,-0.209,-0.24,-0.209
1705,0,-0.199,-0.116,-0.228,0,-0.09,-0.116,0,-0.09,0,-0.206,-0.22,-0.206
1706,0,-0.198,-0.112,-0.226,0,-0.08,-0.112,0,-0.08,0,-0.192,-0.21,-0.192
1707,0,-0.198,-0.108,-0.224,0,-0.08,-0.108,0,-0.08,0,-0.188,-0.19,-0.188
1708,0,-0.197,-0.104,-0.222,0,-0.08,-0.104,0,-0.08,0,-0.184,-0.19,-0.184
1709,0,-0.197,-0.099,-0.219,0,-0.08,-0.099,0,-0.08,0,-0.179,-0.21,-0.179
1710,0,-0.196,-0.095,-0.217,0,-0.08,-0.095,0,-0.08,0,-0.175,-0.2,-0.175
1711,0,-0.196,-0.091,-0.215,0,-0.08,-0.091,0,-0.08,0,-0.171,-0.18,-0.171
1712,0,-0.195,-0.086,-0.213,0,-0.08,-0.086,0,-0.08,0,-0.166,-0.17,-0.166
1713,0,-0.194,-0.081,-0.211,0,-0.08,-0.081,0,-0.08,0,-0.161,-0.17,-0.161
1714,0,-0.194,-0.076,-0.208,0,-0.08,-0.076,0,-0.08,0,-0.156,-0.16,-0.156
1715,0,-0.193,-0.071,-0.2,0,-0.08,-0.071,0,-0.08,0,-0.151,-0.13,-0.151
1716,0,-0.188,-0.065,-0.192,0,-0.08,-0.065,0,-0.08,0,-0.145,-0.15,-0.145
1717,0,-0.183,-0.06,-0.184,0,-0.08,-0.06,0,-0.08,0,-0.14,-0.13,-0.14
1718,0,-0.177,-0.055,-0.176,0,-0.08,-0.055,0,-0.08,0,-0.135,-0.14,-0.135
1719,0,-0.172,-0.05,-0.167,0,-0.08,-0.05,0,-0.08,0,-0.13,-0.13,-0.13
1720,0,-0.167,-0.045,-0.159,0,-0.08,-0.045,0,-0.08,0,-0.125,-0.11,-0.125
1721,0,-0.161,-0.046,-0.151,0,-0.08,-0.046,0,-0.08,0,-0.126,-0.11,-0.126
1722,0,-0.156,-0.046,-0.143,0,-0.08,-0.046,0,-0.08,0,-0.126,-0.12,-0.126
1723,0,-0.151,-0.047,-0.134,0,-0.09,-0.047,0,-0.09,0,-0.137,-0.11,-0.137
1724,0,-0.145,-0.029,-0.126,0,-0.09,-0.029,0,-0.09,0,-0.119,-0.11,-0.119
1725,0,-0.14,-0.025,-0.119,0,-0.09,-0.025,0,-0.09,0,-0.115,-0.12,-0.115
1726,0,-0.131,0.01,-0.111,0,-0.09,0.01,0,-0.09,0,-0.08,-0.13,-0.08
1727,0,-0.123,0.007,-0.103,0,-0.09,0.007,0,-0.09,0,-0.083,-0.12,-0.083
1728,0,-0.114,0.022,-0.095,0,-0.09,0.022,0,-0.09,0,-0.068,-0.13,-0.068
1729,-3.32,-0.105,-0.002,-0.087,0,-0.09,-0.002,-3.32,-0.09,0,-3.412,-0.14,-0.092
1730,0,-0.096,0.057,-0.08,0,-0.1,0.057,0,-0.1,0,-0.043,-0.14,-0.043
1731,0,-0.087,0.033,-0.072,0,-0.1,0.033,0,-0.1,0,-0.067,-0.15,-0.067
1732,0,-0.079,-0.001,-0.064,0,-0.1,-0.001,0,-0.1,0,-0.101,-0.15,-0.101
1733,0,-0.07,-0.015,-0.056,0,-0.1,-0.015,0,-0.1,0,-0.115,-0.15,-0.115
1734,0,-0.061,-0.015,-0.049,0,-0.1,-0.015,0,-0.1,0,-0.115,-0.15,-0.115
1735,0,-0.052,0.007,-0.037,0,-0.1,0.007,0,-0.1,0,-0.093,-0.14,-0.093
1736,0,0.001,0.046,-0.026,0,-0.1,0.046,0,-0.1,0,-0.054,-0.14,-0.054
1737,0,-0.039,0.01,-0.06,0,-0.1,0.01,0,-0.1,0,-0.09,-0.15,-0.09
1738,0,-0.047,0.003,-0.068,0,-0.1,0.003,0,-0.1,0,-0.097,-0.14,-0.097
1739,-1.3,0.009,0.053,-0.01,0,-0.1,0.053,-1.3,-0.1,0,-1.347,-0.14,-0.047
1740,0,0.018,0.061,0,0,-0.1,0.061,0,-0.1,0,-0.039,-0.14,-0.039
1741,0,0.027,0.069,0.009,0,-0.1,0.069,0,-0.1,0,-0.031,-0.15,-0.031
1742,0,-0.003,0.042,-0.022,0,-0.1,0.042,0,-0.1,0,-0.058,-0.15,-0.058
1743,0,-0.002,0.043,-0.022,0,-0.1,0.043,0,-0.1,0,-0.057,-0.15,-0.057
1744,0,0.003,0.047,-0.016,0,-0.1,0.047,0,-0.1,0,-0.053,-0.15,-0.053
1745,0,0.018,0.061,0,0,-0.1,0.061,0,-0.1,0,-0.039,-0.16,-0.039
1746,0,0.011,0.055,-0.008,0,-0.1,0.055,0,-0.1,0,-0.045,-0.17,-0.045
1747,0,0.018,0.061,0,0,-0.09,0.061,0,-0.09,0,-0.029,-0.17,-0.029
1748,0,0.161,0.188,0.148,0,-0.09,0.188,0,-0.09,0,0.098,-0.15,0.098
1749,0,0.12,0.152,0.106,0,-0.09,0.152,0,-0.09,0,0.062,-0.16,0.062
1750,0,0.125,0.157,0.111,0,-0.09,0.157,0,-0.09,0,0.067,-0.15,0.067
1751,0,0.086,0.122,0.071,0,-0.09,0.122,0,-0.09,0,0.032,-0.15,0.032
1752,0,0.072,0.11,0.056,0,-0.09,0.11,0,-0.09,0,0.02,-0.15,0.02
1753,0,0.054,0.093,0.037,0,-0.09,0.093,0,-0.09,0,0.003,-0.15,0.003
1754,0,0.031,0.072,0.013,0,-0.09,0.072,0,-0.09,0,-0.018,-0.15,-0.018
1755,0,0.018,0.061,0,0,-0.09,0.061,0,-0.09,0,-0.029,-0.14,-0.029
1756,0,0.014,0.058,-0.004,0,-0.09,0.058,0,-0.09,0,-0.032,-0.12,-0.032
1757,0,0.027,0.069,0.009,0,-0.1,0.069,0,-0.1,0,-0.031,-0.11,-0.031
1758,0,0.041,0.082,0.024,0,-0.1,0.082,0,-0.1,0,-0.018,-0.1,-0.018
1759,0,0.053,0.092,0.036,0,-0.1,0.092,0,-0.1,0,-0.00800000000000001,-0.11,-0.00800000000000001
1760,0,0.043,0.083,0.025,0,-0.1,0.083,0,-0.1,0,-0.017,-0.1,-0.017
1761,0,0.059,0.097,0.042,0,-0.1,0.097,0,-0.1,0,-0.003,-0.1,-0.003
1762,0,0.046,0.086,0.029,0,-0.09,0.086,0,-0.09,0,-0.004,-0.09,-0.004
1763,0,0.035,0.076,0.017,0,-0.09,0.076,0,-0.09,0,-0.014,-0.09,-0.014
1764,0,0.031,0.073,0.013,0,-0.09,0.073,0,-0.09,0,-0.017,-0.08,-0.017
1765,0,0.014,0.057,-0.005,0,-0.08,0.057,0,-0.08,0,-0.023,-0.09,-0.023
1766,0,0.016,0.059,-0.002,0,-0.08,0.059,0,-0.08,0,-0.021,-0.09,-0.021
1767,0,0.059,0.098,0.042,0,-0.08,0.098,0,-0.08,0,0.018,-0.1,0.018
1768,0,0.101,0.135,0.086,0,-0.07,0.135,0,-0.07,0,0.065,-0.1,0.065
1769,0,0.134,0.165,0.121,0,-0.07,0.165,0,-0.07,0,0.095,-0.1,0.095
1770,0,0.14,0.17,0.127,0,-0.06,0.17,0,-0.06,0,0.11,-0.09,0.11
1771,0,0.128,0.16,0.115,0,-0.06,0.16,0,-0.06,0,0.1,-0.08,0.1
1772,0,0.116,0.148,0.101,0,-0.05,0.148,0,-0.05,0,0.098,-0.1,0.098
1773,0,0.084,0.12,0.068,0,-0.05,0.12,0,-0.05,0,0.07,-0.11,0.07
1774,0,0.077,0.114,0.061,0,-0.05,0.114,0,-0.05,0,0.064,-0.11,0.064
1775,0,0.053,0.092,0.036,0,-0.05,0.092,0,-0.05,0,0.042,-0.11,0.042
1776,0,0.065,0.103,0.048,0,-0.04,0.103,0,-0.04,0,0.063,-0.1,0.063
1777,0,0.091,0.126,0.076,0,-0.04,0.126,0,-0.04,0,0.086,-0.1,0.086
1778,0,0.155,0.184,0.143,0,-0.05,0.184,0,-0.05,0,0.134,-0.13,0.134
1779,0,0.15,0.179,0.137,0,-0.05,0.179,0,-0.05,0,0.129,-0.15,0.129
1780,0,0.112,0.145,0.098,0,-0.05,0.145,0,-0.05,0,0.095,-0.17,0.095
1781,0,0.132,0.163,0.119,0,-0.05,0.163,0,-0.05,0,0.113,-0.17,0.113
1782,0,0.087,0.123,0.072,0,-0.06,0.123,0,-0.06,0,0.063,-0.18,0.063
1783,-3.37,0.074,0.111,0.058,0,-0.06,0.111,-3.37,-0.06,0,-3.319,-0.17,0.051
1784,0,0.056,0.095,0.039,0,-0.06,0.095,0,-0.06,0,0.035,-0.15,0.035
1785,0,0.075,0.112,0.059,0,-0.06,0.112,0,-0.06,0,0.052,-0.15,0.052
1786,0,0.145,0.174,0.132,0,-0.06,0.174,0,-0.06,0,0.114,-0.15,0.114
1787,0,0.184,0.209,0.172,0,-0.06,0.209,0,-0.06,0,0.149,-0.14,0.149
1788,0,0.178,0.204,0.166,0,-0.06,0.204,0,-0.06,0,0.144,-0.14,0.144
1789,-1.2,0.173,0.2,0.161,0,-0.06,0.2,-1.2,-0.06,0,-1.06,-0.11,0.14
1790,-0.4,0.155,0.183,0.142,0,-0.05,0.183,-0.4,-0.05,0,-0.267,-0.1,0.133
1791,0,0.122,0.154,0.108,0,-0.05,0.154,0,-0.05,0,0.104,-0.09,0.104
1792,0,0.115,0.148,0.101,0,-0.03,0.148,0,-0.03,0,0.118,-0.11,0.118
1793,0,0.086,0.121,0.07,0,-0.02,0.121,0,-0.02,0,0.101,-0.11,0.101
1794,0,0.077,0.114,0.061,0,0,0.114,0,0,0,0.114,-0.1,0.114
1795,0,0.047,0.087,0.03,0,0.02,0.087,0,0.02,0,0.107,-0.12,0.107
1796,0,0.031,0.072,0.013,0,0.04,0.072,0,0.04,0,0.112,-0.12,0.112
1797,0,0.008,0.052,-0.011,0,0.05,0.052,0,0.05,0,0.102,-0.12,0.102
1798,0,-0.011,0.035,-0.03,0,0.05,0.035,0,0.05,0,0.085,-0.11,0.085
1799,0,-0.025,0.023,-0.045,0,0.05,0.023,0,0.05,0,0.073,-0.1,0.073
1800,0,-0.028,0.02,-0.048,0,0.05,0.02,0,0.05,0,0.07,-0.09,0.07
1801,0,0.008,0.052,-0.01,0,0.05,0.052,0,0.05,0,0.102,-0.09,0.102
1802,0,-0.022,0.025,-0.042,0,0.05,0.025,0,0.05,0,0.075,-0.09,0.075
1803,0,-0.064,-0.013,-0.086,0,0.05,-0.013,0,0.05,0,0.037,-0.07,0.037
1804,0,-0.071,-0.019,-0.093,0,0.05,-0.019,0,0.05,0,0.031,-0.07,0.031
1805,0,-0.076,-0.024,-0.099,0,0.05,-0.024,0,0.05,0,0.026,-0.09,0.026
1806,0,-0.106,-0.05,-0.13,0,0.05,-0.05,0,0.05,0,0,-0.11,0
1807,0,-0.12,-0.063,-0.145,0,0.06,-0.063,0,0.06,0,-0.003,-0.12,-0.003
1808,0,-0.127,-0.069,-0.152,0,0.06,-0.069,0,0.06,0,-0.00900000000000001,-0.13,-0.00900000000000001
1809,-5.5,-0.134,-0.075,-0.159,0,0.06,-0.075,-5.5,0.06,0,-5.515,-0.15,-0.015
1810,-2,-0.138,-0.079,-0.163,0,0.06,-0.079,-2,0.06,0,-2.019,-0.18,-0.019
1811,-0.8,-0.139,-0.08,-0.165,0,0.06,-0.08,-0.8,0.06,0,-0.82,-0.2,-0.02
1812,0,-0.135,-0.076,-0.16,0,0.06,-0.076,0,0.06,0,-0.016,-0.21,-0.016
1813,0,-0.131,-0.072,-0.156,0,0.06,-0.072,0,0.06,0,-0.012,-0.22,-0.012
1814,0,-0.13,-0.071,-0.154,0,0.07,-0.071,0,0.07,0,-0.000999999999999987,-0.24,-0.000999999999999987
1815,-5.98,-0.122,-0.064,-0.147,0,0.07,-0.064,-5.98,0.07,0,-5.974,-0.25,0.00600000000000001
1816,-2.2,-0.097,-0.042,-0.121,0,0.07,-0.042,-2.2,0.07,0,-2.172,-0.25,0.028
1817,-0.8,-0.097,-0.042,-0.121,0,0.07,-0.042,-0.8,0.07,0,-0.772,-0.23,0.028
1818,0,-0.1,-0.045,-0.124,0,0.08,-0.045,0,0.08,0,0.035,-0.23,0.035
1819,0,-0.098,-0.043,-0.122,0,0.08,-0.043,0,0.08,0,0.037,-0.22,0.037
1820,0,-0.104,-0.048,-0.128,0,0.08,-0.048,0,0.08,0,0.032,-0.23,0.032
1821,0,-0.104,-0.048,-0.128,0,0.08,-0.048,0,0.08,0,0.032,-0.22,0.032
1822,0,-0.099,-0.044,-0.122,0,0.08,-0.044,0,0.08,0,0.036,-0.21,0.036
1823,0,-0.093,-0.039,-0.117,0,0.09,-0.039,0,0.09,0,0.051,-0.2,0.051
1824,0,-0.08,-0.027,-0.102,0,0.09,-0.027,0,0.09,0,0.063,-0.18,0.063
1825,0,-0.059,-0.008,-0.08,0,0.09,-0.008,0,0.09,0,0.082,-0.18,0.082
1826,0,-0.032,0.016,-0.053,0,0.09,0.016,0,0.09,0,0.106,-0.16,0.106
1827,0,-0.004,0.042,-0.023,0,0.09,0.042,0,0.09,0,0.132,-0.16,0.132
1828,0,0.023,0.066,0.005,0,0.1,0.066,0,0.1,0,0.166,-0.17,0.166
1829,0,0.038,0.079,0.021,0,0.1,0.079,0,0.1,0,0.179,-0.19,0.179
1830,-1.2,0.057,0.096,0.041,0,0.1,0.096,-1.2,0.1,0,-1.004,-0.21,0.196
1831,-4.86,0.044,0.084,0.026,0,0.1,0.084,-4.86,0.1,0,-4.676,-0.21,0.184
1832,-1.8,0.037,0.078,0.019,0,0.1,0.078,-1.8,0.1,0,-1.622,-0.22,0.178
1833,0,0.032,0.074,0.014,0,0.11,0.074,0,0.11,0,0.184,-0.23,0.184
1834,0,0.051,0.09,0.033,0,0.11,0.09,0,0.11,0,0.2,-0.24,0.2
1835,-2.95,0.105,0.139,0.09,0,0.11,0.139,-2.95,0.11,0,-2.701,-0.25,0.249
1836,-1.1,0.178,0.204,0.166,0,0.11,0.204,-1.1,0.11,0,-0.786,-0.26,0.314
1837,0,0.195,0.219,0.184,0,0.11,0.219,0,0.11,0,0.329,-0.28,0.329
1838,0,0.166,0.193,0.154,0,0.12,0.193,0,0.12,0,0.313,-0.28,0.313
1839,0,0.156,0.184,0.144,0,0.12,0.184,0,0.12,0,0.304,-0.27,0.304
1840,-1,0.138,0.169,0.125,0,0.12,0.169,-1,0.12,0,-0.711,-0.25,0.289
1841,-0.4,0.112,0.145,0.097,0,0.12,0.145,-0.4,0.12,0,-0.135,-0.23,0.265
1842,0,0.099,0.133,0.084,0,0.12,0.133,0,0.12,0,0.253,-0.21,0.253
1843,-1.5,0.082,0.118,0.066,0,0.13,0.118,-1.5,0.13,0,-1.252,-0.2,0.248
1844,-0.6,0.079,0.116,0.064,0,0.13,0.116,-0.6,0.13,0,-0.354,-0.19,0.246
1845,0,0.093,0.128,0.078,0,0.13,0.128,0,0.13,0,0.258,-0.18,0.258
1846,0,0.101,0.135,0.086,0,0.13,0.135,0,0.13,0,0.265,-0.16,0.265
1847,0,0.117,0.15,0.103,0,0.13,0.15,0,0.13,0,0.28,-0.15,0.28
1848,0,0.144,0.174,0.131,0,0.14,0.174,0,0.14,0,0.314,-0.13,0.314
1849,0,0.14,0.17,0.127,0,0.14,0.17,0,0.14,0,0.31,-0.11,0.31
1850,0,0.1,0.134,0.085,0,0.14,0.134,0,0.14,0,0.274,-0.11,0.274
1851,0,0.101,0.135,0.086,0,0.14,0.135,0,0.14,0,0.275,-0.13,0.275
1852,0,0.09,0.125,0.074,0,0.14,0.125,0,0.14,0,0.265,-0.15,0.265
1853,0,0.07,0.107,0.054,0,0.15,0.107,0,0.15,0,0.257,-0.16,0.257
1854,-0.8,0.044,0.085,0.027,0,0.15,0.085,-0.8,0.15,0,-0.565,-0.16,0.235
1855,0,0.029,0.07,0.011,0,0.15,0.07,0,0.15,0,0.22,-0.15,0.22
1856,0,0.028,0.07,0.01,0,0.16,0.07,0,0.16,0,0.23,-0.16,0.23
1857,0,0.049,0.088,0.031,0,0.16,0.088,0,0.16,0,0.248,-0.18,0.248
1858,0,0.083,0.119,0.068,0,0.16,0.119,0,0.16,0,0.279,-0.19,0.279
1859,0,0.13,0.161,0.117,0,0.17,0.161,0,0.17,0,0.331,-0.19,0.331
1860,0,0.142,0.171,0.128,0,0.17,0.171,0,0.17,0,0.341,-0.2,0.341
1861,0,0.123,0.155,0.109,0,0.17,0.155,0,0.17,0,0.325,-0.2,0.325
1862,0,0.097,0.132,0.082,0,0.18,0.132,0,0.18,0,0.312,-0.18,0.312
1863,0,0.088,0.124,0.073,0,0.18,0.124,0,0.18,0,0.304,-0.16,0.304
1864,0,0.081,0.117,0.065,0,0.19,0.117,0,0.19,0,0.307,-0.15,0.307
1865,0,0.063,0.101,0.046,0,0.19,0.101,0,0.19,0,0.291,-0.14,0.291
1866,0,0.053,0.092,0.036,0,0.19,0.092,0,0.19,0,0.282,-0.13,0.282
1867,0,0.043,0.083,0.026,0,0.2,0.083,0,0.2,0,0.283,-0.13,0.283
1868,0,0.07,0.107,0.053,0,0.2,0.107,0,0.2,0,0.307,-0.11,0.307
1869,0,0.11,0.143,0.096,0,0.21,0.143,0,0.21,0,0.353,-0.11,0.353
1870,0,0.155,0.183,0.142,0,0.21,0.183,0,0.21,0,0.393,-0.11,0.393
1871,0,0.141,0.171,0.128,0,0.21,0.171,0,0.21,0,0.381,-0.1,0.381
1872,0,0.13,0.161,0.116,0,0.22,0.161,0,0.22,0,0.381,-0.09,0.381
1873,0,0.09,0.126,0.075,0,0.22,0.126,0,0.22,0,0.346,-0.08,0.346
1874,0,0.063,0.101,0.046,0,0.23,0.101,0,0.23,0,0.331,-0.08,0.331
1875,0,0.025,0.067,0.007,0,0.23,0.067,0,0.23,0,0.297,-0.09,0.297
1876,0,0.018,0.061,0,0,0.24,0.061,0,0.24,0,0.301,-0.1,0.301
1877,0,0.015,0.058,-0.004,0,0.25,0.058,0,0.25,0,0.308,-0.1,0.308
1878,0,-0.004,0.041,-0.024,0,0.25,0.041,0,0.25,0,0.291,-0.09,0.291
1879,0,-0.004,0.041,-0.024,0,0.26,0.041,0,0.26,0,0.301,-0.1,0.301
1880,0,0.014,0.058,-0.004,0,0.27,0.058,0,0.27,0,0.328,-0.12,0.328
1881,0,0.041,0.082,0.024,0,0.28,0.082,0,0.28,0,0.362,-0.13,0.362
1882,0,0.026,0.068,0.008,0,0.29,0.068,0,0.29,0,0.358,-0.12,0.358
1883,-3.7,0.006,0.05,-0.013,0,0.3,0.05,-3.7,0.3,0,-3.35,-0.12,0.35
1884,-1.4,0.019,0.062,0.001,0,0.31,0.062,-1.4,0.31,0,-1.028,-0.11,0.372
1885,0,0.013,0.057,-0.005,0,0.32,0.057,0,0.32,0,0.377,-0.1,0.377
1886,0,-0.006,0.04,-0.025,0,0.33,0.04,0,0.33,0,0.37,-0.09,0.37
1887,0,-0.011,0.035,-0.031,0,0.34,0.035,0,0.34,0,0.375,-0.09,0.375
1888,0,-0.014,0.033,-0.033,0,0.35,0.033,0,0.35,0,0.383,-0.08,0.383
1889,0,-0.007,0.038,-0.027,0,0.35,0.038,0,0.35,0,0.388,-0.08,0.388
1890,0,-0.002,0.043,-0.021,-0.071,0.36,0.043,0,0.36,-0.071,0.332,-0.07,0.332
1891,0,0.033,0.075,0.015,-0.071,0.37,0.075,0,0.37,-0.071,0.374,-0.05,0.374
1892,0,0.067,0.105,0.051,-0.077,0.37,0.105,0,0.37,-0.077,0.398,-0.04,0.398
1893,0,0.07,0.107,0.054,-0.084,0.37,0.107,0,0.37,-0.084,0.393,-0.03,0.393
1894,0,0.075,0.112,0.059,-0.091,0.38,0.112,0,0.38,-0.091,0.401,-0.04,0.401
1895,0,0.073,0.11,0.057,-0.09,0.38,0.11,0,0.38,-0.09,0.4,-0.04,0.4
1896,0,0.062,0.101,0.046,-0.09,0.38,0.101,0,0.38,-0.09,0.391,-0.03,0.391
1897,0,0.026,0.068,0.007,-0.099,0.38,0.068,0,0.38,-0.099,0.349,-0.01,0.349
1898,0,0.033,0.074,0.015,-0.109,0.39,0.074,0,0.39,-0.109,0.355,-0.01,0.355
1899,0,0.022,0.064,0.003,-0.109,0.39,0.064,0,0.39,-0.109,0.345,0.01,0.345
1900,0,0.013,0.056,-0.006,-0.108,0.4,0.056,0,0.4,-0.108,0.348,0.02,0.348
1901,0,-0.005,0.04,-0.024,-0.108,0.41,0.04,0,0.41,-0.108,0.342,0.04,0.342
1902,-3.6,-0.011,0.035,-0.031,-0.108,0.42,0.035,-3.6,0.42,-0.108,-3.253,0.05,0.347
1903,-1.3,0.01,0.054,-0.009,-0.107,0.43,0.054,-1.3,0.43,-0.107,-0.923,0.07,0.377
1904,0,0.034,0.075,0.016,-0.117,0.44,0.075,0,0.44,-0.117,0.398,0.07,0.398
1905,0,0.005,0.049,-0.014,-0.127,0.45,0.049,0,0.45,-0.127,0.372,0.1,0.372
1906,0,0.027,0.069,0.008,-0.133,0.46,0.069,0,0.46,-0.133,0.396,0.1,0.396
1907,-0.37,0.014,0.057,-0.005,-0.14,0.47,0.057,-0.37,0.47,-0.14,0.017,0.09,0.387
1908,0,0.023,0.065,0.004,-0.146,0.48,0.065,0,0.48,-0.146,0.399,0.1,0.399
1909,0,0.018,0.061,-0.001,-0.156,0.49,0.061,0,0.49,-0.156,0.395,0.09,0.395
1910,0,0.005,0.049,-0.014,-0.165,0.5,0.049,0,0.5,-0.165,0.384,0.09,0.384
1911,0,0.002,0.047,-0.017,-0.165,0.51,0.047,0,0.51,-0.165,0.392,0.09,0.392
1912,-2.08,0.011,0.054,-0.008,-0.164,0.52,0.054,-2.08,0.52,-0.164,-1.67,0.08,0.41
1913,-0.8,0.022,0.064,0.003,-0.164,0.52,0.064,-0.8,0.52,-0.164,-0.38,0.07,0.42
1914,-0.8,0.035,0.076,0.017,-0.164,0.53,0.076,-0.8,0.53,-0.164,-0.358,0.04,0.442
1915,0,0.088,0.124,0.073,-0.164,0.54,0.124,0,0.54,-0.164,0.5,0.04,0.5
1916,0,0.117,0.15,0.103,-0.173,0.55,0.15,0,0.55,-0.173,0.527,0.03,0.527
1917,0,0.154,0.182,0.141,-0.183,0.56,0.182,0,0.56,-0.183,0.559,0.03,0.559
1918,0,0.149,0.178,0.136,-0.183,0.56,0.178,0,0.56,-0.183,0.555,0.02,0.555
1919,0,0.114,0.147,0.1,-0.182,0.57,0.147,0,0.57,-0.182,0.535,0.01,0.535
1920,0,0.097,0.132,0.082,-0.189,0.58,0.132,0,0.58,-0.189,0.523,0.01,0.523
1921,0,0.084,0.12,0.069,-0.195,0.59,0.12,0,0.59,-0.195,0.515,0,0.515
1922,0,0.068,0.106,0.052,-0.202,0.6,0.106,0,0.6,-0.202,0.504,0,0.504
1923,0,0.067,0.104,0.05,-0.211,0.61,0.104,0,0.61,-0.211,0.503,0,0.503
1924,-1.31,0.066,0.104,0.049,-0.221,0.62,0.104,-1.31,0.62,-0.221,-0.807,0.02,0.503
1925,-0.5,0.077,0.114,0.061,-0.221,0.64,0.114,-0.5,0.64,-0.221,0.033,0.03,0.533
1926,0,0.081,0.117,0.065,-0.22,0.65,0.117,0,0.65,-0.22,0.547,0.03,0.547
1927,0,0.107,0.141,0.092,-0.22,0.66,0.141,0,0.66,-0.22,0.581,0.05,0.581
1928,0,0.092,0.127,0.077,-0.219,0.67,0.127,0,0.67,-0.219,0.578,0.05,0.578
1929,0,0.077,0.114,0.061,-0.219,0.69,0.114,0,0.69,-0.219,0.585,0.06,0.585
1930,0,0.086,0.121,0.07,-0.219,0.7,0.121,0,0.7,-0.219,0.602,0.08,0.602
1931,0,0.08,0.117,0.064,-0.218,0.71,0.117,0,0.71,-0.218,0.609,0.11,0.609
1932,0,0.076,0.112,0.06,-0.228,0.73,0.112,0,0.73,-0.228,0.614,0.11,0.614
1933,0,0.075,0.112,0.059,-0.238,0.74,0.112,0,0.74,-0.238,0.614,0.11,0.614
1934,0,0.096,0.131,0.081,-0.237,0.75,0.131,0,0.75,-0.237,0.644,0.11,0.644
1935,0,0.128,0.159,0.114,-0.237,0.76,0.159,0,0.76,-0.237,0.682,0.12,0.682
1936,0,0.193,0.217,0.182,-0.237,0.77,0.217,0,0.77,-0.237,0.75,0.12,0.75
1937,0,0.191,0.215,0.18,-0.236,0.78,0.215,0,0.78,-0.236,0.759,0.13,0.759
1938,0,0.195,0.219,0.184,-0.236,0.79,0.219,0,0.79,-0.236,0.773,0.13,0.773
1939,0,0.193,0.218,0.182,-0.235,0.79,0.218,0,0.79,-0.235,0.773,0.13,0.773
1940,0,0.204,0.228,0.194,-0.235,0.8,0.228,0,0.8,-0.235,0.793,0.14,0.793
1941,0,0.199,0.223,0.188,-0.241,0.8,0.223,0,0.8,-0.241,0.782,0.14,0.782
1942,0,0.186,0.211,0.175,-0.248,0.81,0.211,0,0.81,-0.248,0.773,0.13,0.773
1943,0,0.167,0.194,0.155,-0.254,0.81,0.194,0,0.81,-0.254,0.75,0.14,0.75
1944,0,0.175,0.201,0.163,-0.254,0.81,0.201,0,0.81,-0.254,0.757,0.14,0.757
1945,0,0.207,0.23,0.197,-0.253,0.81,0.23,0,0.81,-0.253,0.787,0.16,0.787
1946,0,0.218,0.24,0.208,-0.263,0.81,0.24,0,0.81,-0.263,0.787,0.16,0.787
1947,0,0.276,0.292,0.269,-0.273,0.82,0.292,0,0.82,-0.273,0.839,0.15,0.839
1948,0,0.313,0.325,0.307,-0.272,0.82,0.325,0,0.82,-0.272,0.873,0.15,0.873
1949,0,0.292,0.306,0.286,-0.272,0.82,0.306,0,0.82,-0.272,0.854,0.15,0.854
1950,0,0.268,0.284,0.26,-0.272,0.83,0.284,0,0.83,-0.272,0.842,0.16,0.842
1951,0,0.244,0.263,0.236,-0.292,0.84,0.263,0,0.84,-0.292,0.811,0.16,0.811
1952,0,0.234,0.254,0.224,-0.312,0.85,0.254,0,0.85,-0.312,0.792,0.16,0.792
1953,0,0.22,0.242,0.21,-0.321,0.86,0.242,0,0.86,-0.321,0.781,0.16,0.781
1954,0,0.217,0.239,0.207,-0.331,0.87,0.239,0,0.87,-0.331,0.778,0.16,0.778
1955,0,0.256,0.274,0.248,-0.344,0.89,0.274,0,0.89,-0.344,0.82,0.18,0.82
1956,-0.41,0.34,0.349,0.335,-0.358,0.9,0.349,-0.41,0.9,-0.358,0.481,0.16,0.891
1957,0,0.391,0.394,0.388,-0.371,0.92,0.394,0,0.92,-0.371,0.943,0.16,0.943
1958,0,0.374,0.379,0.37,-0.381,0.94,0.379,0,0.94,-0.381,0.938,0.15,0.938
1959,0,0.325,0.336,0.32,-0.39,0.96,0.336,0,0.96,-0.39,0.906,0.13,0.906
1960,0,0.333,0.343,0.328,-0.41,0.98,0.343,0,0.98,-0.41,0.913,0.12,0.913
1961,-0.4,0.288,0.303,0.281,-0.43,1,0.303,-0.4,1,-0.43,0.473,0.1,0.873
1962,-0.28,0.256,0.273,0.247,-0.444,1.03,0.273,-0.28,1.03,-0.444,0.579,0.11,0.859
1963,-0.64,0.238,0.258,0.229,-0.457,1.05,0.258,-0.64,1.05,-0.457,0.211,0.1,0.851
1964,-1.19,0.211,0.233,0.2,-0.47,1.08,0.233,-1.19,1.08,-0.47,-0.347,0.09,0.843
1965,-1.01,0.204,0.227,0.194,-0.48,1.1,0.227,-1.01,1.1,-0.48,-0.163,0.09,0.847
1966,-0.66,0.226,0.247,0.216,-0.49,1.13,0.247,-0.66,1.13,-0.49,0.227,0.09,0.887
1967,-0.44,0.24,0.259,0.231,-0.499,1.16,0.259,-0.44,1.16,-0.499,0.48,0.07,0.92
1968,-0.85,0.251,0.269,0.242,-0.509,1.19,0.269,-0.85,1.19,-0.509,0.1,0.07,0.95
1969,-1.06,0.25,0.269,0.242,-0.516,1.23,0.269,-1.06,1.23,-0.516,-0.0770000000000001,0.03,0.983
1970,-0.51,0.227,0.248,0.217,-0.522,1.26,0.248,-0.51,1.26,-0.522,0.476,0.04,0.986
1971,-0.2,0.196,0.22,0.185,-0.529,1.3,0.22,-0.2,1.3,-0.529,0.791,0.03,0.991
1972,-0.11,0.21,0.233,0.2,-0.538,1.33,0.233,-0.11,1.33,-0.538,0.915,0.03,1.025
1973,-0.23,0.183,0.208,0.171,-0.548,1.37,0.208,-0.23,1.37,-0.548,0.8,0.03,1.03
1974,-0.38,0.187,0.212,0.176,-0.548,1.41,0.212,-0.38,1.41,-0.548,0.694,0.03,1.074
1975,-0.9,0.169,0.196,0.157,-0.547,1.45,0.196,-0.9,1.45,-0.547,0.199,0.04,1.099
1976,-0.41,0.171,0.198,0.159,-0.56,1.49,0.198,-0.41,1.49,-0.56,0.718,0.07,1.128
1977,-0.15,0.212,0.234,0.202,-0.574,1.54,0.234,-0.15,1.54,-0.574,1.05,0.09,1.2
1978,-0.22,0.307,0.319,0.301,-0.587,1.58,0.319,-0.22,1.58,-0.587,1.092,0.13,1.312
1979,-0.27,0.403,0.405,0.401,-0.586,1.62,0.405,-0.27,1.62,-0.586,1.169,0.12,1.439
1980,-0.16,0.41,0.412,0.409,-0.586,1.67,0.412,-0.16,1.67,-0.586,1.336,0.13,1.496
1981,-0.16,0.377,0.382,0.374,-0.596,1.72,0.382,-0.16,1.72,-0.596,1.346,0.14,1.506
1982,-2.41,0.327,0.337,0.321,-0.605,1.76,0.337,-2.41,1.76,-0.605,-0.918,0.19,1.492
1983,-3.06,0.309,0.321,0.303,-0.615,1.81,0.321,-3.06,1.81,-0.615,-1.544,0.21,1.516
1984,-1.18,0.264,0.281,0.256,-0.625,1.85,0.281,-1.18,1.85,-0.625,0.326,0.23,1.506
1985,-0.39,0.243,0.262,0.234,-0.625,1.9,0.262,-0.39,1.9,-0.625,1.147,0.27,1.537
1986,-0.44,0.237,0.256,0.227,-0.624,1.94,0.256,-0.44,1.94,-0.624,1.132,0.29,1.572
1987,-0.33,0.268,0.284,0.26,-0.624,1.99,0.284,-0.33,1.99,-0.624,1.32,0.28,1.65
1988,-0.2,0.363,0.37,0.36,-0.634,2.03,0.37,-0.2,2.03,-0.634,1.566,0.29,1.766
1989,-0.16,0.423,0.423,0.422,-0.643,2.06,0.423,-0.16,2.06,-0.643,1.68,0.3,1.84
1990,-0.16,0.418,0.418,0.416,-0.653,2.1,0.418,-0.16,2.1,-0.653,1.705,0.36,1.865
1991,-1.6,0.392,0.395,0.39,-0.663,2.13,0.395,-1.6,2.13,-0.663,0.262,0.38,1.862
1992,-3.73,0.346,0.354,0.342,-0.669,2.16,0.354,-3.73,2.16,-0.669,-1.885,0.42,1.845
1993,-1.39,0.299,0.312,0.292,-0.676,2.19,0.312,-1.39,2.19,-0.676,0.436,0.46,1.826
1994,-0.56,0.259,0.276,0.251,-0.682,2.22,0.276,-0.56,2.22,-0.682,1.254,NA,1.814
1995,-0.26,0.252,0.27,0.244,-0.682,2.25,0.27,-0.26,2.25,-0.682,1.578,NA,1.838
1996,-0.18,0.239,0.259,0.23,-0.681,2.31,0.259,-0.18,2.31,-0.681,1.708,NA,1.888
1997,-0.14,0.255,0.273,0.247,-0.691,2.37,0.273,-0.14,2.37,-0.691,1.812,NA,1.952
1998,-0.07,0.31,0.322,0.304,-0.701,2.43,0.322,-0.07,2.43,-0.701,1.981,NA,2.051
